id,subscription,switching,redemption,management,trustee,performance,admin
BRX762,4%,4%,,,,,1.300%
BRX763,3%,3%,,,,,0.860%
BRX764,4%,4%,,,,,1.440%
BRX765,4%,4%,,,,,1.150%
BSE527,5%,5%,,1.25%,0.15%,,
ABD638,5.0%,1%,,1.50%,,,0.60%
ABD639,5.0%,1%,,1.75%,,,0.60%
ABD647,5.0%,1%,,1.50%,,,0.60%
ABD804,5.00%,2.00%,,0.65%,0.04%,,0.35%
ABD806,5.00%,2.00%,,0.65%,0.04%,,0.35%
ABD886,5%,,,1.50%,,,
ABD887,5%,,,1.50%,,,
ABD893,5%,,,1.50%,,,
ABD894,5%,,,1.50%,,,
ABD895,5%,,,0.75%,,,
ABD896,,,,0.45%,,,
ABD897,5%,,,1.50%,,,
ABD898,5%,,,1.75%,,,
ABE029,,,,,,,
ABE033,,,,,,,
ABE035,,,,,,,
ABE038,,,,,,,
ABE039,,,,,,,
ABE069,5.25%,1%,,1.50%,,,0.35%
ABE070,5.25%,1%,,1.50%,,,0.35%
ABE071,5.25%,1%,,1.50%,,,0.35%
ABE072,5.25%,1%,,1.50%,,,0.35%
ABE074,5.25%,1%,,1.50%,,,0.35%
ABE077,5.25%,1%,,1.50%,,,0.35%
ABE078,5.25%,1%,,1.50%,,,0.35%
ABE079,5.25%,1%,,1.50%,,,0.35%
ABE080,5.25%,1%,,1.50%,,,0.35%
ABE082,5.25%,1%,,1.50%,,,0.35%
ABE083,5.25%,1%,,1.50%,,,0.35%
ABE084,3.5%,1%,,0.75%,,,0.35%
ABE085,3.5%,1%,,1.00%,,,0.35%
ABE086,3.5%,1%,,0.75%,,,0.35%
ABE087,3.5%,1%,,0.75%,,,0.35%
ABE091,5.25%,1%,,1.50%,,,0.35%
ABE117,,1.00%,,1.50%,,,
ABE118,,1.00%,,1.50%,,,
ABE120,,1.00%,,1.50%,,,
ABE124,,,,0.25%,,,
ABE140,5%,,,1.25%,,,
ABE142,5%,,,1.25%,,,
ABE143,5%,,,1.25%,,,
ABE144,5%,,,0.75%,,,
ABE150,5%,,,1.25%,,,
ABE151,5%,,,1.25%,,,
ABE224,5%,,,1.50%,,,
ABF889,,,,,,,
ABF925,,1.00%,,1.50%,,,
ABG538,5%,1%,,0.013%,,,0.5%
ABG539,5%,1%,,0.013%,,,0.5%
ABH672,5%,,,1.50%,0.022%,,0.15%
ABH673,5%,,,0.75%,0.022%,,0.15%
ABM770,5%,,,1.25%,,,
ABN344,,,,,,,
ABN345,,,,,,,
ABN391,5%,1%,,0.013%,,,0.5%
ABQ462,5%,,,1.00%,,,
ABT232,6%,,,0.75%,,,0.50%
ABT569,5%,,,1.50%,,,
ABV649,5.25%,1%,,1.50%,,,0.35%
ABY190,5.25%,1%,,1.50%,,,0.35%
ACA511,5%,,,0.75%,,,
ACB462,5.25%,1%,,1.50%,,,0.35%
ACG320,5.00%,1.00%,,1.50%,,,
ACG321,5.00%,1.00%,,1.50%,,,
ACG322,5.00%,,,1.50%,,,
ACG324,5.00%,1.00%,,1.90%,,,
ACG327,5.00%,1.00%,,1.85%,,,
ACG328,5.00%,1.00%,,2.10%,,,
ACG329,5.00%,1.00%,,1.65%,,,
ACG332,5.00%,,,1.30%,,,
ACG333,5.00%,1.00%,,1.05%,,,
ACG337,5.00%,,,1.50%,,,
ACG338,5.00%,1.00%,,0.95%,,,
ACG341,5.00%,,,0.40%,,,
ACH404,,1.00%,,1.50%,,,
ACJ657,5.25%,1%,,1.50%,,,0.35%
ACM776,5%,,,1.50%,,,
ACN689,5%,,,1.75%,,,
ACO203,5.25%,1%,,1.50%,,,0.35%
ACO450,5.0%,5.0%,,0.75%,0.75%,0.75%,5.0%
ACO452,5.0%,5.0%,,0.75%,0.75%,0.75%,5.0%
ACT319,,,,,,,
ACT325,,,,,,,
ACT327,,,,,,,
ACT331,,,,,,,
ACT332,,,,,,,
ADA078,3.00%,1%,,1%,0.07%,,
ADA392,5.25%,1%,,1.50%,,,0.35%
ADB517,,,,,,,
ADC149,5%,5%,1%,1.5%,0.115%,,1%
ADG889,5.00%,1.00%,,1.20%,,,
ADH949,5%,,,1.0%,0.025%,,0.375%
ADJ409,5.0%,1.0%,0%,1.5%,,,0.3%
ADL927,5%,1%,,5%,,1.20%,0.18%
ADL929,5%,1%,,5%,,1.20%,0.18%
ADL930,5%,1%,,5%,,1.20%,0.18%
ADL932,5%,1%,,5%,,1.20%,0.18%
ADM595,5%,1%,,0.013%,,,0.5%
ADM596,5%,1%,,0.013%,,,0.5%
ADN303,5%,,,1.50%,,,
ADP286,,,,,,,
ADQ118,5.00%,1.00%,,1.50%,,,
ADU814,0%,0%,,0.15%,,,0.35%
ADV114,,1.00%,,1.50%,,,
ADV748,5%,,,1.75%,,,
ADX380,5.0%,5.0%,,0.75%,0.75%,0.75%,5.0%
ADX433,5%,,,1.70%,,,1.00%
ADX434,5%,,,1.10%,,,1.00%
ADX435,5%,,,1.10%,,,1.00%
ADX437,5%,,,0.85%,,,1.00%
AEA027,5.25%,1%,,1.50%,,,0.35%
AEB189,5.00%,,,2.10%,,,
AEC047,5.25%,1%,,1.50%,,,0.35%
AED229,,,,,,,
AEH594,5%,,,1.45%,,,1.00%
AEI316,5.25%,1%,,1.25%,,,0.35%
AEK191,5%,1%,,0.013%,,,0.5%
AEK827,3%,1.5%,,50%,,,0.25%
AEM615,5.0%,5.0%,,0.25%,0.25%,0.25%,5.0%
AEM856,2%,,,1.0%,0.025%,,
AEO343,2.0%,1.0%,,0.55%,0.045%,,
AEO344,4.0%,2.0%,,1.0%,,,
AEO345,4.0%,2.0%,,1.0%,,,
AEO796,5.25%,1%,,1.00%,,,0.35%
AEP544,4.0%,2.0%,,1.0%,,,
AET258,5%,1%,,3%,,,0.03%
AET259,5%,1%,,3%,,,0.03%
AET261,5%,1%,,3%,,,0.03%
AEU510,3.00%,1.00%,,1.00%,,,0.25%
AEU512,3.00%,1.00%,,0.75%,,,0.25%
AEU513,3.00%,1.00%,,0.75%,,,0.25%
AEU514,3.00%,1.00%,,0.75%,,,0.25%
AEU515,3.00%,1.00%,,0.40%,,,0.25%
AEU520,3.00%,1.00%,,1.50%,,,0.25%
AEU521,5.00%,1.00%,,1.50%,,,0.25%
AEU522,5.00%,1.00%,,1.10%,,,0.25%
AEU523,5.00%,1.00%,,1.50%,,,0.25%
AEU524,5.00%,1.00%,,1.50%,,,0.25%
AEU525,5.00%,1.00%,,1.50%,,,0.25%
AEU526,5.00%,1.00%,,1.50%,,,0.25%
AEV562,3%,1.5%,,1.75%,,,0.40%
AEV674,5.25%,1%,,1.50%,,,0.35%
AEW083,5%,,,1.50%,,,
AEW085,5%,,,1.20%,,,
AEW086,5%,,,1.25%,,,
AEW087,5%,,,0.75%,,,
AEY682,2.0%,1.0%,,0.75%,,,
AEY960,5.25%,1%,,0.20%,,,0.35%
AEZ378,5.00%,2.00%,,0.30%,0.04%,,0.35%
AEZ380,5.00%,2.00%,,0.65%,0.04%,,0.35%
AEZ381,5.00%,2.00%,,0.65%,0.04%,,0.35%
AEZ674,5.00%,1.00%,,1.50%,,,
AEZ676,5.00%,1.00%,,0.55%,,,
AEZ767,6%,,,1.05%,,,0.75%
AEZ768,6%,,,1.15%,,,0.75%
AEZ769,6%,,,1.05%,,,0.75%
AFA343,5.00%,1.00%,,1.50%,,,0.25%
AFA344,5.00%,1.00%,,1.50%,,,0.25%
AFA350,5.00%,1.00%,,1.25%,,,0.25%
AFA664,5.0%,1%,,1.50%,,,0.60%
AFA665,5.0%,1%,,1.50%,,,0.60%
AFA691,3.0%,2.0%,,1.0%,0.045%,,
AFA752,5.00%,0.75%,,1.50%,,,0.30%
AFA775,3.00%,1.00%,,0.75%,,,0.25%
AFB764,5.00%,,,0.025%,,,
AFB765,5.00%,,,0.025%,,,
AFB770,5.00%,,,0.025%,,,
AFB774,5.00%,,,0.025%,,,
AFB775,5.00%,,,0.025%,,,
AFD139,5%,,,1.10%,,,1.00%
AFD406,5%,1%,,3%,,,0.03%
AFD408,5%,1%,,3%,,,0.03%
AFD944,5%,1%,,3%,,,0.03%
AFE773,5.00%,1.00%,,1.35%,,,
AFF083,5.25%,1%,,1.50%,,,0.35%
AFF084,5.25%,1%,,1.50%,,,0.35%
AFG455,4.0%,2.0%,,1.0%,0.085%,,
AFH734,5%,5%,2%,0.45%,0.07%,0.45%,0.45%
AFH736,5%,5%,2%,0.45%,0.07%,0.45%,0.45%
AFH737,5%,5%,2%,0.45%,0.07%,0.45%,0.45%
AFH738,5%,5%,2%,0.45%,0.07%,0.45%,0.45%
AFH739,2%,2%,2%,0.25%,0.07%,0.45%,0.25%
AFH770,5%,,0.5%,1.75%,0.125%,,
AFH771,5%,,0.5%,1.75%,0.125%,,
AFH772,5%,,0.5%,1.00%,0.075%,,
AFH932,,5%,,,0.1%,,
AFH935,,5%,,,0.1%,,
AFI493,,,,1.00%,0.05%,,
AFI494,6.00%,1.00%,,1.00%,0.05%,,
AFI495,,,,1.50%,0.05%,1.50%,1.50%
AFI496,6.00%,1.00%,,0.75%,0.05%,,
AFI497,6.00%,1.00%,,1.50%,0.05%,,0.05%
AFI803,0%,0%,,0.15%,,,0.35%
AFI868,3.0%,2.0%,,0.03%,0.045%,,
AFI869,3.0%,2.0%,,0.10%,0.045%,,
AFI870,3.0%,2.0%,,0.10%,0.045%,,
AFI871,3.0%,2.0%,,0.07%,0.045%,,
AFJ137,,,,0.25%,,,
AFJ489,,,,,,,
AFJ493,,,,,,,
AFM324,5.00%,,,0.025%,,,
AFM325,,,,0.025%,,,
AFM326,5.00%,,,0.025%,,,
AFM956,5%,1%,,3%,,,0.03%
AFP992,5.0%,1%,,1.75%,,,0.60%
AFP993,5.0%,1%,,1.25%,,,0.60%
AFQ671,3%,3%,,,,,1.01%
AFQ700,5%,5%,,,,,1.42%
AFQ707,5%,5%,,,,,1.87%
AFQ709,5%,5%,,,,,1.87%
AFQ710,5%,5%,,1.72%,,,
AFQ718,5%,5%,,,,,1.63%
AFR657,5%,,0.50%,0.50%,,,
AFS452,5%,,,1.25%,0.135%,15%,
AFS565,5%,1%,,3%,,,0.03%
AFT501,5.25%,1%,,1.50%,,,0.35%
AFU318,5.0%,1.0%,0%,1.5%,,,0.3%
AFU808,3%,1.5%,,1.50%,,,0.40%
AFV836,4.0%,2.0%,,1.5%,0.055%,,
AFW149,4.0%,2.0%,,1.00%,0.035%,,
AFW210,5.00%,1.00%,,1.50%,,,
AFW215,5.00%,1.00%,,1.50%,,,
AFW216,5.00%,,,1.50%,,,
AGA003,5.25%,1%,,1.50%,,,0.35%
AGA004,5.25%,1%,,1.50%,,,0.35%
AGA006,5.25%,1%,,1.50%,,,0.35%
AGA009,5.25%,1%,,1.50%,,,0.35%
AGC188,,,,,,,
AGC784,4.50%,1.00%,,1.90%,,,
AGC798,4.50%,1.00%,,1.30%,,,
AGC803,4.50%,1.00%,,0.90%,,,
AGD261,5.0%,1.0%,0%,1.5%,,,0.3%
AGD263,5.0%,1.0%,0%,1.5%,,,0.3%
AGD265,5.0%,1.0%,0%,1.5%,,,0.3%
AGD269,5.0%,1.0%,0%,1.0%,,,0.3%
AGD270,5.0%,1.0%,0%,1.5%,,,0.3%
AGD273,5.0%,1.0%,0%,1.5%,,,0.3%
AGD275,5.0%,1.0%,0%,1.5%,,,0.3%
AGD276,5.0%,1.0%,0%,1.5%,,,0.3%
AGD278,5.0%,1.0%,0%,1.5%,,,0.3%
AGD279,5.0%,1.0%,0%,1.5%,,,0.3%
AGD282,5.0%,1.0%,0%,1.5%,,,0.3%
AGD565,5%,,,1.50%,,,
AGD569,5%,,,1.75%,,,
AGD913,3.00%,1.00%,,0.75%,,,0.25%
AGD923,5%,0.50%,,1.40%,,,0.35%
AGE752,0%,0%,0%,0.25%,,,
AGE753,0%,0%,0%,0.14%,,,
AGE755,0%,0%,0%,0.13%,,,
AGE756,0%,0%,0%,0.25%,,,
AGE757,0%,0%,0%,0.25%,,,
AGF137,,1.00%,,1.30%,,,
AGG605,5%,,,1.50%,,,
AGH025,,,,,,,
AGH984,6%,,,1.05%,,,0.75%
AGH985,6%,,,1.05%,,,0.75%
AGH986,6%,,,1.05%,,,0.75%
AGH988,6%,,,0.90%,,,0.50%
AGH989,6%,,,1.05%,,,0.75%
AGH990,6%,,,1.00%,,,0.75%
AGH992,6%,,,1.05%,,,0.75%
AGJ069,5.00%,2.00%,,0.65%,0.04%,,0.35%
AGK160,5%,5%,2%,0.25%,0.07%,0.45%,0.25%
AGK656,,1.00%,,1.00%,,,
AGL375,5%,,,1.65%,,,
AGN492,5%,1%,,5%,,1.20%,0.18%
AGN494,5%,1%,,5%,,1.20%,0.18%
AGO817,5.00%,1.00%,,1.25%,,,0.25%
AGQ981,5.25%,1%,,1.50%,,,0.35%
AGR105,5%,5%,,2.0%,,,0.60%
AGR113,5%,5%,,2.0%,,,0.60%
AGR116,5%,5%,,1.0%,,,0.60%
AGR148,5%,5%,,2.0%,,,0.60%
AGR161,5%,5%,,1.0%,,,0.60%
AGS023,5.0%,1%,,1.75%,,,0.60%
AGS024,5.0%,1%,,1.50%,,,0.60%
AGS048,6.00%,1.00%,,1.50%,0.05%,,0.05%
AGS049,6.00%,1.00%,,1.50%,0.05%,,0.05%
AGS051,6.00%,1.00%,,1.50%,0.05%,,0.05%
AGS098,2.0%,,,1.00%,,,
AGV237,3.5%,1%,,1.00%,,,0.35%
AGW496,5.00%,1.00%,,1.50%,,,0.25%
AGW591,,,,1%,0.125%,,
AGW593,,,,1.5%,0.125%,,
AGW594,,,,0.5%,0.125%,,
AGW599,,,,,,,
AGW600,,,,0.25%,0.125%,,
AGZ948,5%,,,0.35%,0.13%,,
AHC092,5.00%,1.00%,,1.50%,,,0.25%
AHC093,,1.00%,,0.20%,,,0.25%
AHC095,,1.00%,,0.20%,,,0.25%
AHD660,5.25%,1%,,1.25%,,,0.35%
AHF810,5%,,,1.00%,,,
AHF811,5%,,,1.50%,,,
AHF812,5%,,,1.50%,,,
AHF813,5%,,,1.50%,,,
AHF814,5%,,,1.50%,,,
AHF816,5%,,,1.50%,,,
AHF818,5%,,,1.75%,,,
AHF823,5%,,,1.50%,,,
AHF824,5%,,,1.50%,,,
AHF825,5%,,,0.85%,,,
AHF828,5%,,,0.75%,,,
AHF829,5%,,,1.25%,,,
AHF831,5%,,,1.50%,,,
AHF914,5.00%,1.00%,,1.25%,,,0.25%
AHF915,3.00%,1.00%,,0.50%,,,0.25%
AHF917,5.00%,1.00%,,1.50%,,,0.25%
AHF919,5.00%,1.00%,,1.50%,,,0.25%
AHF925,3.00%,1.00%,,0.75%,,,0.25%
AHJ541,5.25%,1%,,0.40%,,,0.35%
AHM783,3.00%,0.75%,,1.35%,,,0.30%
AHM790,5.00%,0.75%,,1.50%,,,0.30%
AHN939,,,,,,,
AHP704,5%,1%,,3%,,,0.03%
AHP705,5%,1%,,3%,,,0.03%
AHQ850,3.0%,2.0%,,1.0%,0.045%,,
AHQ869,,1.00%,,1.00%,,,
AHS873,5.00%,2.5%,,1.50%,,,0.02%
AHS879,5.00%,2.5%,,1.50%,,,0.02%
AHS882,5.00%,2.5%,,1.50%,,,0.02%
AHT872,3.5%,1%,,1.00%,,,0.35%
AHU083,5%,,,1.50%,,,
AHU085,5%,,,1.50%,,,
AHU086,5%,,,0.75%,,,
AHU906,5%,0.50%,,1.40%,,,0.35%
AHX224,5.25%,1%,,1.50%,,,0.35%
AHX563,5%,,0.49%,0.49%,,,
AHX564,5%,,,0.55%,,,0.35%
AHX565,5%,,0.79%,0.79%,,,
AHX622,,,,1.5%,0.125%,,
AHX625,,,,1.5%,0.125%,,
AHX626,,,,0.75%,0.125%,,
AHX980,5%,1%,1%,1.4%,0.125%,,
AHY056,3%,1.5%,,1.75%,,,0.40%
AIC155,5%,1%,,1.20%,0.20%,,
AIC157,5%,1%,,1.00%,0.20%,,
AIC158,5%,1%,,1.20%,0.20%,,
AIC160,5%,1%,,0.25%,0.20%,,
AIC162,5%,1%,,1.20%,0.20%,,
AIC336,3.0%,2.0%,,0.55%,0.05%,,
AIF555,5.25%,1%,,1.50%,,,0.35%
AIG504,5%,,,0.80%,,,
AIL127,,,,0.05%,0.05%,,
AIL128,,,,1%,0.05%,,
AIL129,,,,0.05%,0.05%,,
AIR742,4.0%,2.0%,,1.5%,0.055%,,
AIU389,4.0%,2.0%,,1.5%,0.1%,,
AIU581,5%,1%,,3%,,,0.03%
AIU582,5%,1%,,3%,,,0.03%
AIX108,5%,,0.5%,1.10%,0.085%,,
AIZ042,5.0%,5.0%,,0.75%,0.75%,0.75%,5.0%
AIZ043,5.0%,5.0%,,0.75%,0.75%,0.75%,5.0%
AIZ044,5.0%,5.0%,,0.75%,0.75%,0.75%,5.0%
AIZ045,5.0%,5.0%,,0.75%,0.75%,0.75%,5.0%
AJB317,5.00%,2.5%,,1.50%,,,0.02%
AJC003,5%,,,1.25%,0.135%,15%,
AJC026,2.0%,1.0%,,0.55%,0.045%,,
AJC348,5%,,,0.85%,,,
AJC579,5%,1%,,2.25%,1.0%,,0.1%
AJC930,3.00%,0.75%,,1.25%,,,0.30%
AJD468,5.25%,1%,,1.50%,,,0.35%
AJD493,5.00%,,,0.025%,,,
AJD897,4.50%,1%,,1.75%,0.07%,,
AJD982,5.00%,1.00%,,1.05%,,,
AJE416,,,,1%,0.125%,,
AJE611,5.00%,1.00%,,1.50%,,15%,0.25%
AJF507,5.25%,1%,,1.50%,,,0.35%
AJJ640,5%,5%,2%,0.45%,0.07%,0.45%,0.45%
AJJ641,5%,5%,2%,0.45%,0.07%,0.45%,0.45%
AJJ642,5%,5%,2%,0.45%,0.07%,0.45%,0.45%
AJJ991,5%,,0.49%,0.49%,,,
AJJ992,5%,,,0.49%,,,
AJJ995,5%,,,0.46%,,,
AJL812,5%,1%,,3%,,,0.03%
AJL813,5%,1%,,3%,,,0.03%
AJM435,,,,1%,0.125%,,
AJM436,,,,1.5%,0.125%,,
AJM476,,,,,,,
AJM963,5.00%,1.00%,,1.50%,,,0.25%
AJN143,5%,,,1.25%,,,
AJO218,4.0%,2.0%,,1.5%,0.1%,,
AJO389,5.00%,1.00%,,1.50%,,,0.25%
AKI559,5.25%,1%,,1.50%,,,0.35%
AKI695,5%,,,1.00%,0.022%,,0.15%
AKI697,,,,0.60%,0.022%,,0.15%
AKO583,5.0%,1.0%,0%,1.5%,,,0.3%
AKO584,5.0%,1.0%,0%,1.50%,,,0.3%
AKO585,5.0%,1.0%,0%,1.5%,,,0.3%
AKO934,5%,1%,,1.20%,0.20%,,
AKQ607,,,,0.020%,0.03%,,
AKS630,,,,1.5%,0.125%,,
AKX805,3.00%,0.75%,,1.30%,,,0.30%
ALF356,3.00%,1.00%,,0.75%,,,0.25%
ALF603,5.25%,1%,,1.50%,,,0.35%
ALI172,5.25%,1%,,1.50%,,,0.35%
ALI365,5%,,,1.50%,,,
ALI367,5%,,,1.50%,,,
ALJ832,5%,1%,,5%,,1.20%,0.18%
ALL116,,,,1%,0.125%,,
ALL913,3.0%,1.0%,0%,0.9%,,,0.2%
ALL922,5.00%,3.00%,3.00%,1.30%,0.30%,,0.30%
ALL923,5.00%,3.00%,3.00%,1.00%,0.30%,,0.30%
ALL924,5.00%,3.00%,3.00%,1.10%,0.30%,,0.30%
ALL926,5.00%,3.00%,3.00%,1.30%,0.30%,,0.30%
ALL927,5.00%,3.00%,3.00%,1.30%,0.30%,,0.30%
ALL929,5.00%,3.00%,3.00%,1.30%,0.30%,,0.30%
ALN166,6.00%,1.00%,,1.50%,0.05%,,0.05%
ALO117,5%,0.50%,,1.80%,,,0.35%
ALO122,5%,0.50%,,0.80%,,,0.35%
ALQ956,,,,,,,
ALS514,5.00%,,,1.50%,,,
ALS516,5.00%,1.00%,,1.35%,,,
ALT950,5%,,,1.70%,,,1.00%
ALT951,5%,,,1.6%,,,1.00%
ALW553,,,,,,,
ALZ886,6%,,,1.00%,,,0.75%
ALZ889,6%,,,1.15%,,,0.75%
ALZ892,6%,,,1.05%,,,0.65%
ALZ893,6%,,,1.15%,,,0.75%
ALZ896,6%,,,0.50%,,,0.40%
ALZ897,6%,,,0.55%,,,0.50%
ALZ899,6%,,,0.60%,,,0.40%
ALZ900,6%,,,1.00%,,,0.75%
ALZ907,6%,,,1.00%,,,0.75%
ALZ909,6%,,,0.50%,,,0.40%
AMI277,5.00%,3.00%,3.00%,1.00%,0.30%,,0.30%
AMI278,5.00%,3.00%,3.00%,1.30%,0.30%,,0.30%
AMI279,5.00%,3.00%,3.00%,1.30%,0.30%,,0.30%
AMI280,5.00%,3.00%,3.00%,1.30%,0.30%,,0.30%
AMI281,5.00%,3.00%,3.00%,1.30%,0.30%,,0.30%
AMI282,5.00%,3.00%,3.00%,1.30%,0.30%,,0.30%
AMI283,5.00%,3.00%,3.00%,1.30%,0.30%,,0.30%
AMI448,,,,,,,
AMI454,5.00%,1.00%,,1.50%,,,0.25%
AMI455,5.00%,1.00%,,1.50%,,,0.25%
AMI456,5.00%,1.00%,,1.50%,,,0.25%
AMI457,5.00%,1.00%,,1.50%,,,0.25%
AMI459,5.00%,1.00%,,1.50%,,,0.25%
AMK035,5.0%,5.0%,,0.050%,0.07%,,5.0%
AMK036,5.0%,5.0%,,1.50%,1.50%,1.50%,5.0%
AML402,5.00%,3.00%,3.00%,1.00%,0.30%,,0.30%
AML403,5.00%,3.00%,3.00%,1.30%,0.30%,,0.30%
AMM441,5%,1%,,5%,,1.20%,0.18%
AMO916,5.0%,1%,,1.75%,,,0.60%
AMO918,5.0%,1%,,1.75%,,,0.60%
AMO919,5.0%,1%,,1.50%,,,0.60%
AMO923,5.0%,1%,,1.75%,,,0.60%
AMP416,5.00%,1.00%,,1.50%,,,0.25%
AMR220,5.00%,3.00%,3.00%,1.30%,0.30%,,0.30%
AMS802,5.00%,1.00%,,1.50%,,,
AMS803,5.00%,1.00%,,1.05%,,,
AMS804,5.00%,1.00%,,2.10%,,,
AMT890,3.5%,1%,,1.20%,,,0.35%
AMT892,5.25%,1%,,1.50%,,,0.35%
AMV055,,1.00%,,1.25%,,,
AMV058,,1.00%,,1.00%,,,
AMV260,5%,,,1.50%,,,
AMV265,5%,,,1.50%,,,
AMW928,4.5%,1.0%,,1.5%,0.125%,,
AMX449,,,,,,,
AMY245,5.00%,1.00%,,1.50%,,,0.25%
AMY246,5.00%,1.00%,,1.50%,,,0.25%
AMZ142,,,,1.2%,0.125%,,
AMZ911,,,,1.5%,0.125%,,
AND704,5.00%,,,1.50%,,,
AND705,5.00%,1.00%,,1.50%,,,
AND796,4.0%,2.0%,,1.5%,0.1%,,
ANE325,5%,,,1.5%,,,1.00%
ANF085,5.00%,1.00%,,1.50%,,,
ANF095,,,,1%,0.125%,,
ANG593,5%,1%,,5%,,1.20%,0.18%
ANG739,5%,1%,,0.013%,,,0.5%
ANG740,5%,1%,,0.013%,,,0.5%
ANG742,5%,1%,,0.013%,,,0.5%
ANI765,,1.00%,,1.50%,,,
ANI766,,1.00%,,1.00%,,,
ANI767,,1.00%,,0.625%,,,
ANK687,5.0%,5.0%,,0.75%,0.75%,0.75%,5.0%
ANL899,5.0%,1.0%,0%,1.5%,,,0.3%
ANL901,5.0%,1.0%,0%,1.5%,,,0.3%
ANL902,5.0%,1.0%,0%,1.5%,,,0.3%
ANO879,5.00%,,,,,,0.15%
ANO880,5.00%,,,1.00%,,,0.15%
ANO881,5.00%,,,1.10%,,,0.15%
ANO882,5.00%,,,1.10%,,,0.15%
ANO884,5.00%,,,1.25%,,,0.15%
ANO887,5.00%,,,1.15%,,,0.15%
ANO888,5.00%,,,1.10%,,,0.15%
ANO891,5.00%,,,1.25%,,,0.15%
ANO892,5.00%,,,1.30%,,,0.15%
ANO894,5.00%,,,1.35%,,,0.15%
ANO897,5.00%,,,1.50%,,,0.15%
ANO899,5.00%,,,1.35%,,,0.15%
ANP298,5%,,0.69%,0.69%,,,
ANP301,5%,,,0.55%,,,
ANP586,5%,,,1.80%,,,1.00%
ANP587,5%,,,2.00%,,,1.00%
ANP588,5%,,,1.50%,,,1.00%
ANP589,5%,,,1.7%,,,1.00%
ANQ387,5%,,0.5%,1.75%,0.15%,,
ANU055,5.00%,1.00%,,1.50%,,,0.25%
ANU348,5%,1%,,3%,,,0.03%
ANU349,5%,1%,,3%,,,0.03%
ANU637,,1.00%,,1.50%,,,
ANV092,5%,0.50%,,1.60%,,,0.35%
ANW484,3%,1.5%,,0.75%,,,0.30%
ANX783,5.50%,,,1.75%,,,0.50%
ANZ607,3.0%,1.0%,0%,1.15%,,,0.3%
ANZ609,5.0%,1.0%,0%,1.5%,,,0.3%
ANZ611,5.0%,1.0%,0%,1.5%,,,0.3%
ANZ613,5.00%,1.00%,0%,1.50%,,,0.30%
AOA997,5%,,,1.50%,,,
AOA998,5%,,,1.7%,,,1.00%
AOB001,5%,,,1.10%,,,1.00%
AOB418,5%,1%,,1.50%,0.20%,,
AOB850,,,,,,,
AOB873,3.5%,1%,,0.50%,,,0.35%
AOB876,0%,1%,,0.80%,,,0.35%
AOB878,0%,1%,,0.80%,,,0.35%
AOE638,5%,1%,,0.013%,,,0.5%
AOE639,5%,1%,,0.013%,,,0.5%
AOE640,5%,1%,,0.013%,,,0.5%
AOE641,5%,1%,,0.013%,,,0.5%
AOE642,5%,1%,,0.013%,,,0.5%
AOE888,5.00%,1.00%,,1.50%,,,0.25%
AOG335,5.0%,1%,,1.75%,,,0.60%
AOG337,5.0%,1%,,1.50%,,,0.60%
AOH617,3.5%,1%,,1.00%,,,0.35%
AOH796,4.0%,2.0%,,1.5%,0.1%,,
AOJ159,5.00%,1.00%,,1.50%,,,0.25%
AOJ725,,,,,,,
AOK732,5.00%,0.75%,,1.50%,,,0.35%
AOM552,5%,3%,3%,1.5%,0.14%,,
AOO536,3%,1.5%,,1.75%,,,0.40%
AOQ778,5.0%,1.0%,0%,1.50%,,,0.3%
AOS328,5.00%,1.00%,,1.50%,,,0.25%
AOS329,5.00%,1.00%,,1.25%,,,0.25%
AOU009,,,,0.125%,0.125%,,
AOU010,,,,0.25%,0.125%,,
AOU221,5.00%,1.00%,,1.80%,0.10%,15%,
AOV131,4.50%,1%,,1.50%,0.07%,,
AOV153,5.00%,1.00%,,1.50%,,,
AOV154,5.00%,1.00%,,2.10%,,,
AOX840,4.50%,1.00%,,1.85%,,,
AOY397,5%,5%,,1.80%,,,
AOY398,5%,5%,,1.30%,,,
AOY400,5%,5%,,1.80%,,,
AOY401,5%,5%,,1.80%,,,
AOY404,5%,5%,,1.80%,,,
AOY996,5.0%,2.0%,3.0%,1.6%,,,0.29%
AOY998,5.0%,2.0%,3.0%,1.6%,,,0.29%
AOZ008,5.0%,2.0%,3.0%,1.6%,,,0.29%
APC510,5.25%,1%,,1.50%,,,0.35%
APD356,,,,,,,
APD358,,,,,,,
APD368,5%,,,1.00%,,,
BSX598,5%,,,1.00%,,,
APD370,5%,,,1.50%,,,
APD373,5%,,,1.50%,,,
APD375,3%,,,0.75%,,,
APD376,3%,,,0.75%,,,
APD377,3%,,,1.25%,,,
APD380,3%,,,1.00%,,,
APD382,5%,,,1.25%,,,
APD384,5%,,,1.50%,,,
APE848,2.0%,1.0%,,0.7%,,,
APF570,5.0%,2.0%,3.0%,1.6%,,,0.29%
APG148,5%,,,1.50%,,,
APG150,5%,,,1.50%,,,
APO095,5.25%,1%,,1.50%,,,0.35%
APP693,,1.00%,,1.50%,,,
APQ370,5%,1%,,5%,,,0.18%
APR587,,,,1.75%,0.125%,,
APU615,5%,,,1.7%,,,0.255%
APU767,5.0%,1.0%,0%,1.5%,,,0.3%
APW786,5%,5%,,2.25%,,,
APW923,5.25%,,,0.05%,,,0.04%
APW924,5.25%,,,0.05%,,,0.04%
APW928,5.25%,,,0.05%,,,0.04%
APZ207,5%,1%,,3%,,,0.03%
APZ208,5%,1%,,3%,,,0.03%
APZ953,5.00%,3.00%,3.00%,1.00%,0.30%,,0.30%
AQA227,4.50%,1.00%,,1.85%,,,
AQC418,5%,0.50%,,1.30%,,,0.35%
AQC584,,,5%,1.75%,0.125%,,0.125%
AQC807,6%,,,1.15%,,,0.75%
AQC936,,,,,,,
AQH320,5.00%,,,0.95%,,,0.15%
AQH322,5.00%,,,1.15%,,,0.15%
AQH325,5.00%,,,1.10%,,,0.15%
AQH327,5.00%,,,1.25%,,,0.15%
AQH328,5.00%,,,1.50%,,,0.15%
AQH423,5.25%,1%,,1.50%,,,0.35%
AQH426,5.25%,1%,,1.50%,,,0.35%
AQH429,3.5%,1%,,0.50%,,,0.35%
AQI080,,,,1.25%,0.125%,,
AQI246,5%,5%,,1.50%,,,
AQI676,,,,1.8%,0.125%,,
AQJ683,5%,5%,,2.05%,,,
AQJ689,5%,5%,,2.05%,,,
AQJ691,5%,5%,,2.05%,,,
AQJ693,5%,5%,,2.25%,,,
AQJ694,5%,5%,,1.80%,,,
AQJ695,5%,5%,,2.25%,,,
AQJ697,5%,5%,,3.25%,,,
AQJ699,5%,5%,,1.80%,,,
AQJ700,5%,5%,,2.25%,,,
AQJ702,5%,5%,,2.25%,,,
AQJ703,5%,5%,,2.25%,,,
AQJ704,5%,5%,,2.05%,,,
AQJ705,5%,5%,,2.25%,,,
AQJ882,5%,,,1.50%,,,
AQJ889,5%,,,1.50%,,,
AQJ890,3%,,,1.00%,,,
AQM501,2.0%,1.0%,,0.75%,,,
AQN161,5.00%,1.00%,,1.25%,,,0.25%
AQN964,5%,,0.85%,0.85%,,,
AQP590,5%,1%,,0.013%,,,0.5%
AQQ449,5%,5%,,,,,1.63%
AQQ450,5%,5%,,,,,1.87%
AQQ981,3.0%,1.0%,0%,1.0%,,,0.3%
AQS588,,1.00%,,1.25%,,,
AQS589,,1.00%,,1.25%,,,
AQT014,,,,,,,
AQU220,3.00%,,,2.00%,,,
AQW494,5%,1%,,0.5%,,,0.22%
AQW498,5%,1%,,0.75%,,,0.22%
AQW502,5%,1%,,0.75%,,,0.22%
AQX329,5%,,,1.50%,,,
AQY780,5.00%,1.00%,,1.30%,,,0.25%
AQZ532,3.5%,1%,,0.75%,,,0.35%
AQZ715,2.0%,1.0%,,0.5%,0.1%,,
ARA151,5%,,,1.25%,,,
ARB777,5.0%,2.0%,3.0%,1.1%,,,0.15%
ARB782,5.0%,2.0%,3.0%,1.6%,,,0.29%
ARB783,5.0%,2.0%,3.0%,1.4%,,,0.2%
ARB789,5.0%,2.0%,3.0%,1.4%,,,0.2%
ARB790,5.0%,2.0%,3.0%,1.6%,,,0.34%
ARD615,5%,2%,0.5%,1.20%,0.125%,,
ARG745,5.00%,1.00%,,1.50%,,,0.25%
ARG748,3.00%,1.00%,,1.00%,,,0.25%
ARJ483,5%,5%,,1.50%,,,
ARM229,5%,,0.74%,0.74%,,,0.35%
ARM231,5%,,0.89%,0.89%,,,0.35%
ARN361,5.0%,1.0%,0%,1.5%,,,0.3%
ARN362,5.0%,1.0%,0%,1.5%,,,0.3%
ARO265,5.0%,1%,,1.75%,,,0.60%
ARQ015,5%,2.0%,0.5%,1.75%,0.175%,,
ARQ483,5%,,,1.50%,,,
ARQ484,5%,,,1.50%,,,
ARQ485,5%,,,1.50%,,,
ARQ519,3.5%,1%,,0.75%,,,0.35%
ARR950,5.00%,1.00%,,1.50%,,,
ARR951,5.00%,,,1.85%,,,
ARR952,5.00%,1.00%,,2.10%,,,
ART574,5%,,,0.04%,,2%,2%
ART575,5%,,,0.04%,,2%,2%
ART813,5%,5%,,1.50%,,,
ASF264,,,,0.45%,,,
ASL532,0%,1%,0%,1.25%,0.125%,,
ASL533,0%,1%,0%,1.25%,0.125%,,
ASL534,0%,1%,0%,0.8%,0.125%,,
ASL536,0%,1%,0%,1.25%,0.125%,,
ASL687,4.0%,2.0%,,1.5%,,,
ASN958,3.0%,1.0%,0%,0.85%,,,0.3%
ASO849,5%,5%,,1.80%,,,
ASZ601,5%,,,0.75%,,,
ATE028,5.00%,1.00%,,1.35%,,,
ATH852,5%,3%,4%,1.50%,0.15%,,
ATH931,4.50%,1.00%,,1.20%,0.125%,,
ATI432,5%,1%,,0.75%,,,0.22%
ATI435,5%,1%,,0.75%,,,0.22%
ATJ077,4.0%,2.0%,,1.0%,,,
ATL790,,,,,,,
ATL791,,,,,,,
ATL792,,,,,,,
ATL793,,,,,,,
ATL794,,,,,,,
ATL822,3.0%,2.0%,,1.0%,0.25%,,
ATO548,5%,,,1.55%,,,1.00%
ATR246,,,,0.25%,,,
ATR367,5.00%,0.75%,,1.65%,,,0.30%
ATW616,5%,1%,,5%,,0.75%,0.18%
ATX786,5.25%,1%,,1.50%,,,0.35%
ATX787,5.25%,1%,,1.50%,,,0.35%
ATY604,3.0%,1.0%,0%,0.4%,,,0.2%
AUA430,5%,5%,2%,0.45%,0.07%,0.45%,0.45%
AUA431,5%,5%,2%,0.45%,0.07%,0.45%,0.45%
AUB355,5.0%,2.0%,3.0%,1.4%,,,0.2%
AUB358,5.0%,2.0%,3.0%,1.6%,,,0.29%
AUB359,5.0%,2.0%,3.0%,1.6%,,,0.29%
AUB765,4.50%,1.00%,,1.20%,0.125%,,
AUB766,4.50%,1.00%,,1.20%,0.125%,,
AUB767,2.50%,1.00%,,,0.05%,,
AUC141,5%,1%,,0.013%,,,0.5%
AUD990,5%,5%,,1.39%,,,
AUG745,4.0%,2.0%,,1.5%,0.1%,,
AUI185,5.00%,,,0.85%,,,0.15%
AUI725,5%,,,1.70%,,,1.00%
AUK276,,1.00%,,1.50%,,,
AUP727,3%,1%,,0.5%,,,0.2%
AUV945,5%,5%,,,,,1.54%
AUW132,5%,,0.30%,1.50%,,,
AUW135,5%,,0.30%,1.00%,,,
AUW701,5.00%,1.00%,,1.50%,,,
AUW901,5%,,,1.50%,,,
AUX027,,,5%,,,,5%
AUX028,,,5%,,,,
AUZ695,5%,,,1.10%,,,1.00%
AUZ696,5%,,,1.60%,,,1.00%
AVC998,5.0%,1%,,1.75%,,,0.60%
AVD001,5.0%,1%,,1.50%,,,0.60%
AVD058,5%,1%,,5%,,1.20%,0.18%
AVD401,,,,,,,
AVD576,,,,2%,0.125%,,
AVE179,,,,,,,
AVE582,5%,,,0.65%,,,
AVI894,5.00%,3.00%,3.00%,1.50%,0.30%,,0.30%
AVJ122,,2%,,1%,0.15%,,
AVY564,5%,1%,,0.75%,,,0.22%
AVY568,5%,1%,,0.75%,,,0.22%
AVZ165,0%,,0%,0.75%,0.125%,,
AWA249,,,,,,,
AWA406,3%,,,3%,1%,,
AWC674,,,,0.7%,0.175%,,
AWI996,,1.00%,,1.60%,,,
AWI997,,1.00%,,1.40%,,,
AWI998,,1.00%,,1.40%,,,
AWI999,,1.00%,,1.40%,,,
AWJ001,,1.00%,,1.40%,,,
AWJ002,,1.00%,,,,,
AWN200,4.50%,1.00%,,1.85%,,,
AWN203,4.50%,,,0.30%,,,
AWN204,4.50%,1.00%,,1.85%,,,
AWO198,5.0%,,,1.0%,0.15%,,
AWO199,6.00%,1.00%,,1.00%,0.05%,,0.05%
AWO200,6.00%,1.00%,,1.50%,0.05%,,0.05%
AWP859,5.25%,1%,,1.50%,,,0.35%
AWP862,5.25%,1%,,1.50%,,,0.35%
AWP864,3.5%,1%,,0.75%,,,0.35%
AWP866,5.25%,1%,,1.10%,,,0.35%
AWP867,5.25%,1%,,1.50%,,,0.35%
AWQ662,,,,1.2%,0.15%,,
AWT552,5.0%,2.0%,3.0%,1.6%,,,0.29%
AWT553,5.0%,2.0%,3.0%,1.6%,,,0.27%
AWT555,5%,5%,,1.80%,,,
AWU879,5%,1%,,0.5%,0.2%,,
AWW394,5%,5%,,1.25%,0.07%,,0.02%
AWW747,3.00%,1%,,1.25%,0.07%,,
AWX043,5.00%,1.00%,,1.50%,,,0.25%
AWY061,5.00%,1.00%,,1.50%,,,
AWY818,5%,1%,,3%,,,0.0485%
AXC841,6%,,,0.60%,,,0.75%
AXK086,5%,1%,,0.02%,,,0.5%
AXK087,5%,1%,,0.02%,,,0.5%
AXK088,5%,1%,,0.02%,,,0.5%
AXK089,5%,1%,,0.02%,,,0.5%
AXQ389,5%,,,1.50%,,,
AXQ390,5%,,,1.50%,,,
AXQ391,5%,,,1.50%,,,
AXQ423,,,,2%,0.125%,,
AXR826,5.0%,1%,,1.50%,,,0.60%
AXR827,5.0%,1%,,1.50%,,,0.60%
AXV164,,1.00%,,1.75%,,,
AXZ639,5%,,0.5%,1.75%,0.15%,,
AYC376,5.25%,1%,,1.50%,,,0.35%
AYF850,5%,,,1.2%,0.175%,,
AYH568,5%,1%,,1.2%,1%,,
AYK107,5%,5%,,1.50%,,,
AYK754,3%,,,1.00%,,,
AYM184,5%,2.0%,0.5%,1.4%,0.15%,,
AYQ248,5.0%,1.0%,0%,1.50%,,,0.3%
AYQ249,5.0%,1.0%,0%,1.50%,,,0.3%
AYW767,5.00%,,,1.25%,0.04%,,0.20%
AYX423,5.25%,5.25%,,1.25%,0.125%,,
AYY012,,,,,,,
AZF212,,1.00%,,1.25%,,,
AZH019,5%,1%,5%,1.75%,0.045%,,0.0375%
AZH020,5%,1%,5%,1.5%,0.045%,,0.0375%
AZH247,5.00%,1.00%,,1.25%,,,
AZI792,,,,,,,
AZL487,3%,3%,,1.35%,,,
AZN102,5%,5%,,1.00%,,,
AZN103,5%,5%,,1.50%,,,
AZN129,,,,,,,
AZO362,5%,5%,2%,0.25%,0.07%,0.45%,0.25%
AZO659,5%,,,1.50%,,,
AZP416,,,,,,,
AZR712,,,,0.05%,,,0.04%
AZR713,,,,0.05%,,,0.04%
AZR714,,,,0.05%,,,0.04%
AZR715,,,,0.05%,,,0.04%
AZR716,,,,0.05%,,,0.04%
AZR717,,,,0.05%,,,0.04%
AZR718,,,,0.05%,,,0.04%
AZR719,,,,0.05%,,,0.04%
AZT295,5%,,,1.10%,,,1.00%
AZT297,5%,,,1.80%,,,1.00%
AZT298,5%,,,1.20%,,,1.00%
AZT299,5%,,,1.10%,,,1.00%
AZT300,5%,,,1.60%,,,1.00%
AZT301,5%,,,1.30%,,,1.00%
AZT302,5%,,,1.30%,,,1.00%
AZU904,5%,,6%,1%,0.125%,,0.035%
AZW731,5%,1%,,3%,0.15%,,
AZY613,5%,1%,,0.02%,,,0.5%
AZY614,5%,1%,,0.02%,,,0.5%
AZZ103,5.25%,,,0.05%,,,0.04%
AZZ104,5.25%,,,0.05%,,,0.04%
BAA194,5%,1%,,1.25%,0.125%,,
BAA246,4%,,,2.91%,,,0.02%
BAA247,4%,,,2.50%,,,0.05%
BAA248,4%,,,2.54%,,,0.11%
BAA249,4%,,,2.08%,,,0.09%
BAC407,3%,1.5%,,0.90%,,,0.30%
BAC408,3%,1.5%,,1.50%,,,0.30%
BAC412,3%,1.5%,,1.75%,,,0.40%
BAC413,3%,1.5%,,1.50%,,,0.40%
BAC414,3%,1.5%,,1.50%,,,0.40%
BAC415,3%,1.5%,,1.75%,,,0.40%
BAC416,3%,1.5%,,1.75%,,,0.40%
BAC417,3%,1.5%,,1.75%,,,0.40%
BAC418,3%,1.5%,,1.50%,,,0.40%
BAC419,3%,1.5%,,1.50%,,,0.40%
BAC420,3%,1.5%,,1.50%,,,0.40%
BAC421,3%,1.5%,,1.50%,,,0.40%
BAE334,3%,1.5%,,1.40%,,,0.30%
BAE335,3%,1.5%,,1.20%,,,0.30%
BAE336,,,,,,,
BAE337,3%,1.5%,,1.50%,,,0.40%
BAE340,3%,1.5%,,1.75%,,,0.40%
BAE342,3%,1.5%,,1.75%,,,0.40%
BAE344,3%,1.5%,,1.50%,,,0.40%
BAE346,3%,1.5%,,1.50%,,,0.40%
BAH324,5.00%,1.00%,,1.25%,,,0.25%
BAI480,,,,,,,
BAL415,5%,5%,,1.29%,,,
BAO327,5.25%,5.25%,,1.25%,0.125%,,
BAO490,3.5%,1%,,0.90%,,,0.35%
BAO491,5.25%,1%,,1.25%,,,0.35%
BAR383,5%,,,1.50%,0.07%,,0.02%
BAR664,5%,,0.55%,0.55%,,,
BAT604,5%,,0.5%,1.25%,0.10%,,
BAU637,5%,1%,,1.20%,,,0.20%
BAU640,5%,1%,,1.70%,,,0.20%
BAU642,5%,1%,,1.50%,,,0.20%
BAU646,5%,1%,,1.70%,,,0.20%
BAU647,5%,1%,,1.20%,,,0.20%
BAU648,5%,1%,,0.40%,,,0.20%
BAU929,4.0%,2.0%,,1.5%,0.1%,,
BAV202,3%,,,2%,,,0.15%
BAV203,3%,,,2%,,,0.25%
BAW968,,,,1.8%,0.125%,,
BAX840,5%,,,1.00%,0.125%,,
BAY173,,1%,,1.2%,0.15%,,
BAY175,5.0%,1.0%,0%,1.5%,,,0.3%
BAY178,3.0%,1.0%,0%,0.8%,,,0.3%
BAY179,3.0%,1.0%,0%,0.85%,,,0.2%
BAY180,0%,0%,0%,0.25%,,,0.2%
BAZ657,4.50%,1.00%,,1.50%,0.10%,,
BBD172,5%,,,2.00%,,20%,
BBE294,3.00%,,,1.50%,,,0.50%
BBE671,5.25%,5.25%,,1.25%,0.125%,,
BBE672,5%,1%,,3%,0.15%,,
BBJ503,5%,,,0.04%,,2%,2%
BBL403,5%,5%,,1.80%,,,
BBL404,5%,5%,,2.05%,,,
BBL720,5%,,,2%,,,0.50%
BBL729,4%,4%,,,,,1.19%
BBP727,,2%,,1.35%,0.15%,,
BBR114,3.00%,1.0%,,0.95%,0.07%,,
BBT742,5%,,,1.50%,,,
BBT744,5%,,,1.50%,,,
BBU290,5.0%,2.0%,3.0%,1.2%,,,0.2%
BBU291,5.0%,2.0%,3.0%,1.5%,,,0.15%
BBU292,5.0%,2.0%,3.0%,1.2%,,,0.2%
BBU722,3%,1%,,1.5%,1%,,
BBV045,5%,1%,,1.50%,,,
BBV047,,,,0.75%,0.125%,,
BBY617,,1%,,1.8%,0.15%,,
BBZ514,5%,1%,,0.02%,,,0.5%
BCD196,5%,,,0.80%,0.10%,,
BCE814,,5%,,,0.1%,,
BCE815,,5%,,,0.1%,,
BCG587,5%,,,1.50%,0.135%,15%,
BCH432,,1.00%,,0.75%,,,
BCI128,5%,2%,1%,1.00%,0.10%,,
BCN963,5.25%,5.25%,,1.75%,0.125%,,
BCV864,5%,,,1.50%,,,1.00%
BCY449,5%,,,1.50%,,,
BDB942,3%,1.5%,,1.75%,,,0.40%
BDE997,,5%,,,0.1%,,
BDE998,,5%,,,0.1%,,
BDI151,5%,,,,,15%,
BDI152,5%,,,,,20%,
BDI153,5%,,,,,15%,
BDI575,5%,1%,,1.00%,0.12%,,
BDJ618,,,,1.00%,,,0.15%
BDJ975,4%,4%,,,,,1.36%
BDL786,,,,0.7%,0.10%,,
BDM216,,,,1.8%,0.125%,,
BDM227,5%,,,0.75%,0.07%,,0.02%
BDR143,5.0%,1.0%,0%,1.50%,,,0.3%
BDR144,5.0%,1.0%,0%,1.25%,,,0.3%
BDR145,3.0%,1.0%,0%,1.0%,,,0.2%
BDV557,5%,,,1.20%,,,1.00%
BDV559,5%,,,1.65%,,,1.00%
BDV561,5%,,,1.00%,,,1.00%
BDV563,5%,,,1.70%,,,1.00%
BDV564,5%,,,1.60%,,,1.00%
BDV565,5%,,,1.50%,,,1.00%
BDW989,3.5%,1%,,1.00%,,,0.35%
BDX992,3.00%,1.0%,,1.35%,0.07%,,
BEE051,,,,,,,
BEE590,5.25%,5.25%,,1.50%,0.125%,,
BEF934,5%,,,1.50%,0.11%,15%,
BEH544,4.50%,1.00%,,1.50%,0.165%,,
BEK875,5.0%,1%,,1.50%,,,0.60%
BEL083,5.00%,0.75%,,1.50%,,,0.30%
BEL937,5%,1%,,1.50%,,,0.20%
BEL938,5%,1%,,1.40%,,,0.20%
BEL939,5%,1%,,1.60%,,,0.20%
BEL940,5%,1%,,1.40%,,,0.20%
BEL941,5%,1%,,1.00%,,,0.20%
BEL942,5%,1%,,1.00%,,,0.20%
BEL943,5%,1%,,1.20%,,,0.20%
BEQ328,5%,5%,,1.50%,,,
BEX252,5.00%,3.00%,3.00%,1.30%,0.30%,,0.30%
BEZ290,3.5%,1%,,1.20%,,,0.35%
BEZ532,5%,1%,,1.50%,1%,20%,
BEZ768,,,,1.8%,0.125%,,
BEZ991,5%,,,1.50%,,,
BEZ993,3%,,,1.27%,,,0.03%
BEZ994,3%,,,1.30%,,,0.06%
BFA312,,,,,,,
BFA313,,,,,,,
BFA314,,,,,,,
BFA315,,,,,,,
BFA964,,,,,,,
BFA964,,,,,,,
BFE016,,1%,,1.20%,0.50%,,
BFE359,5.0%,5.0%,,,0.1%,,5.0%
BFF202,5.00%,,,1.55%,0.035%,,1%
BFF203,5.00%,,,1.10%,0.035%,,1%
BFF204,5.00%,,,1.10%,0.035%,,1%
BFF205,5.00%,,,1.60%,0.035%,,1%
BFJ284,5.00%,1.00%,,1.25%,,,
BFM242,5.00%,2.5%,,1.50%,,,0.02%
BFM243,5.00%,2.5%,,1.50%,,,0.02%
BFP837,,,,1.5%,0.125%,,
BFR771,3%,,,1.5%,0.11%,,
BFS302,5%,5%,,1.50%,,,
BFS533,5.00%,1.00%,,1.00%,0.04%,,0.20%
BFX029,5.00%,1.00%,,1.50%,,,0.25%
BFX030,5.00%,1.00%,,1.25%,,,0.25%
BFY144,5%,2%,1%,1.50%,0.10%,,
BGA508,5%,5%,2%,0.45%,0.07%,,
BGA509,5%,5%,2%,0.45%,0.07%,,
BGA510,5%,5%,2%,0.45%,0.07%,,
BGA511,5%,5%,2%,0.45%,0.07%,,
BGC439,,2%,,1.50%,0.15%,,
BGF991,5.00%,1.00%,,1.50%,,,0.25%
BGF992,5.00%,1.00%,,1.50%,,,0.25%
BGF993,5.00%,1.00%,,1.50%,,,0.25%
BGI289,2%,,,0.10%,0.10%,,
BGL663,5.00%,2.5%,,1.50%,,,0.02%
BGL664,5.00%,2.5%,,1.50%,,,0.02%
BGT505,3.00%,1.0%,,1.25%,0.07%,,
BGW856,5%,,,,,,1.20%
BGX055,5.25%,5.25%,,0.45%,,,0.15%
BGX056,5.25%,5.25%,,0.53%,,,0.15%
BGX057,5.25%,5.25%,,0.53%,,,0.15%
BGY171,5%,5%,,2.05%,,,
BGZ468,5%,,,1.5%,0.13%,,
BGZ471,3%,2%,,1%,0.13%,,
BGZ800,5%,,,1.90%,,,0.01%
BGZ801,5%,,,1.50%,,,0.17%
BGZ802,5%,,,1.60%,,,0.01%
BGZ803,5%,,,0.835%,,,0.01%
BGZ804,5%,,,1.50%,,,0.01%
BHA094,5%,1%,,0.5%,0.15%,,
BHA243,5%,2.0%,0.5%,1.20%,0.15%,,
BHB945,5%,2%,1%,1.75%,0.10%,,
BHD020,,1.00%,,0.95%,,,
BHD706,5.00%,1.00%,,1.25%,,,
BHD707,5.00%,1.00%,,1.35%,,,
BHD708,5.00%,1.00%,,1.10%,,,
BHG164,3%,,,2%,,,0.10%
BHG167,3%,,,2%,,,0.10%
BHG905,,,5%,,,,
BHG906,,,5%,,,,
BHG907,,,5%,,,,
BHI999,5%,1%,,3%,,,0.03%
BHJ236,5.25%,5.25%,,0.53%,,,0.15%
BHJ237,5.25%,5.25%,,0.45%,,,0.15%
BHJ239,5.25%,5.25%,,0.53%,,,0.15%
BHJ240,5.25%,5.25%,,0.45%,,,0.15%
BHJ241,5.25%,5.25%,,0.30%,,,0.15%
BHJ242,5.25%,5.25%,,0.23%,,,0.15%
BHJ243,5.25%,5.25%,,0.24%,,,0.15%
BHJ500,3%,3%,,1%,0.125%,,
BHL526,5%,1%,,1.75%,0.15%,,
BHM073,5%,5%,,1.50%,0.07%,,0.02%
BHM275,,1%,,1.00%,0.50%,,
BHN020,5%,1%,1%,1.4%,0.06%,,
BHX643,3%,,,1.87%,0.09%,,
BHX644,3%,,,1.25%,0.09%,,
BHY161,5.00%,,,1.50%,0.125%,,
BIC492,3.5%,1%,,1.00%,,,0.35%
BIC493,3.5%,1%,,1.20%,,,0.35%
BIC494,5.25%,1%,,1.50%,,,0.35%
BID160,3%,,,3%,1%,,
BIE317,,,,2%,0.125%,,
BIG309,3%,3%,,1.14%,,,
BIM280,3.00%,1.0%,,1.15%,0.07%,,
BIN534,5%,2.0%,0.5%,1.0%,0.125%,,
BIN535,5%,2.0%,0.5%,1.5%,0.15%,,
BIN737,5%,1%,,3%,0.15%,,
BIR875,,,,1.8%,0.125%,,
BIS317,,,,0.50%,0.030%,,
BIV450,5.0%,2.0%,3.0%,1.6%,,,0.29%
BJB721,,,,,,,
BJB882,3%,1.5%,,1.25%,,,0.35%
BJE549,5.25%,5.25%,,1.50%,0.125%,,
BJE590,3.00%,,,1.00%,,,0.50%
BJG506,5%,5%,,1.80%,,,
BJG507,5%,5%,,1.29%,,,
BJI369,,,,0.50%,,,0.01%
BJI370,5%,,,0.435%,,,0.01%
BJI371,5%,,,1.15%,,,0.17%
BJI372,5%,,,1.15%,,,0.01%
BJI376,5%,,,1.60%,,,0.01%
BJJ039,5%,,,0.04%,,2%,2%
BJJ042,5%,,,0.04%,,2%,2%
BJJ043,5%,,,0.04%,,2%,2%
BJJ517,5.25%,5.25%,,0.40%,,,0.15%
BJJ518,5.25%,5.25%,,0.65%,,,0.15%
BJJ519,5.25%,5.25%,,0.30%,,,0.15%
BJJ520,5.25%,5.25%,,0.24%,,,0.15%
BJJ521,5.25%,5.25%,,0.40%,,,0.15%
BJO513,3%,1.5%,,1.20%,,,0.20%
BJS920,5%,,,1.10%,,,1.00%
BJT506,5%,,,1.50%,0.135%,,
BJU706,4.5%,1%,,1.65%,0.11%,,
BJW915,5%,1%,,1.50%,,,
BJX368,,1.00%,,1.00%,,,
BJX369,,1.00%,,0.75%,,,
BJX370,,1.00%,,1.00%,,,
BJX371,,1.00%,,1.00%,,,
BJX372,,1.00%,,1.00%,,,
BJX373,,1.00%,,1.75%,,,
BJX374,,1.00%,,,,,
BJX375,,1.00%,,0.80%,,,
BKC186,5.00%,1.00%,,1.50%,,,
BKK538,,1.00%,,1.00%,,,
BKK539,,1.00%,,1.00%,,,
BKK540,,1.00%,,1.00%,,,
BKK541,,1.00%,,1.00%,,,
BKK543,,1.00%,,1.00%,,,
BKP323,5.25%,5.25%,,0.375%,,,0.15%
BKP916,5%,,,1.00%,,,
BKR475,5%,5%,,2.05%,,,
BKR476,3%,3%,,1.35%,,,
BKY326,5%,2%,3%,1.5%,0.08%,,0.08%
BLD344,,,,,,,
BLG316,5.25%,5.25%,,1.50%,0.125%,,
BLI022,4.5%,1%,,1.00%,0.09%,,0.40%
BLI612,,,,1.5%,0.125%,,
BLM897,5%,,,,,,1.54%
BLN133,3.00%,1.00%,,1.10%,,,0.25%
BLO393,5%,,,1.25%,0.135%,,
BLP005,5.00%,2.5%,,1.50%,,,0.02%
BLS795,5%,,,1.15%,,,1.00%
BLS810,5%,,,1.5%,,,1.00%
BLS811,5%,,,1.55%,,,1.00%
BLS812,5%,,,1.50%,,,1.00%
BLU413,,,,,,,
BLU415,,,,,,,
BLU417,,,,,,,
BLU418,,,,,,,
BLU419,,,,,,,
BLX941,5%,5%,,2.25%,,,
BLX943,5%,5%,,1.43%,,,
BLX944,5%,5%,,1.65%,,,
BLZ444,5.25%,5.25%,,0.16%,,,0.15%
BMA845,5%,,,1.00%,,,
BMA846,5%,,,1.50%,,,
BMA847,5%,,,1.50%,,,
BMA848,5%,,,1.50%,,,
BMA849,5%,,,1.50%,,,
BMA850,5%,,,1.00%,,,
BMA852,5%,,,1.50%,,,
BMD884,3.0%,2.0%,,1.0%,0.045%,,
BMG523,5%,2%,,1.5%,0.145%,15%,
BMG524,5%,2%,,1.5%,0.12%,15%,
BMG525,5%,2%,,1.5%,0.12%,15%,
BMK641,3%,3%,,1%,0.125%,,
BMQ374,4.00%,1.00%,,1.25%,,,0.25%
BMT544,,,,,,,
BMT545,3.00%,1%,,0.75%,,,0.25%
BMT546,3.00%,1%,,0.6%,,,0.25%
BMU966,5%,1%,,0.55%,,,0.20%
BMV031,3%,,,3%,0.08%,,
BMX643,5.50%,,,1.75%,,,0.23%
BMX644,5.50%,,,1.25%,,,0.14%
BMX645,5.50%,,,,,,
BMX646,5.50%,,,1.35%,,,0.17%
BMX647,5.50%,,,1.25%,,,0.14%
BMX648,5.50%,,,1.10%,,,0.15%
BMX649,5.50%,,,,,,0.13%
BMY480,5%,,,2.00%,,,0.01%
BMY482,5%,,,0.65%,,,0.01%
BMY483,5%,,,0.84%,,,0.01%
BNB147,5%,5%,,1.50%,,,0.60%
BNB749,3.00%,1.0%,,1.25%,0.07%,,
BNC268,5%,5%,,1.25%,,,
BNC269,5%,5%,,1.25%,,,
BNC665,3%,3%,,0.3%,0.125%,,
BNC675,5%,1%,,1.50%,0.125%,15%,
BND025,3%,,,1%,0.1%,,
BND069,5.25%,5.25%,,0.53%,,,0.15%
BND563,3%,1.5%,,1.75%,,,0.40%
BND564,3%,1.5%,,1.75%,,,0.40%
BND581,5%,1%,,1.50%,,,
BNG751,3%,,,1.1%,,,0.165%
BNG984,3%,,,1.2%,0.09%,,
BNG985,3%,,,1.5%,0.09%,,
BNG986,3%,,,1.25%,0.09%,,
BNI960,5%,5%,,1.50%,,,0.60%
BNI961,5%,5%,,2.00%,,,0.60%
BNI971,5%,5%,,1.50%,,,0.60%
BNI972,5%,5%,,2.00%,,,0.60%
BNI973,5%,5%,,2.00%,,,0.60%
BNJ141,3%,,,1.25%,,,0.04%
BNJ537,5%,5%,,1.5%,0.15%,15%,
BNJ769,5%,,,1.50%,0.135%,,
BNJ952,5%,1%,,0.013%,,,0.5%
BNJ953,5%,1%,,0.013%,,,0.5%
BNJ954,5%,1%,,0.013%,,,0.5%
BNK458,5.25%,1%,,1.25%,,,0.35%
BNK459,5.25%,1%,,1.50%,,,0.35%
BNK990,5%,5%,,0.90%,,,
BNL594,3.00%,,,1.25%,,,0.50%
BNL595,3.00%,,,1.25%,,,0.50%
BNN313,,,,0.75%,0.125%,,
BNO395,5.25%,5.25%,,0.45%,,,0.15%
BNO396,5.25%,5.25%,,0.45%,,,0.15%
BNO397,5.25%,5.25%,,0.75%,,,0.15%
BNR311,5.0%,,,1.75%,,,0.60%
BNR312,5.0%,1%,,1.2%,,,0.60%
BNR582,,,,,,,
BNR605,3.0%,2.0%,,0.55%,0.045%,,
BNR890,3%,,,3%,0.08%,,
BNT740,5%,5%,,1.40%,,,0.60%
BNU341,4.50%,1.00%,,1.80%,,,
BNU342,4.50%,1.00%,,1.65%,,,
BNU343,4.50%,1.00%,,1.65%,,,
BNU344,4.50%,1.00%,,1.95%,,,
BNU609,,,,0.75%,,,0.01%
BNU610,5%,,,0.99%,,,0.01%
BNU611,5%,,,0.31%,,,0.01%
BNU612,5%,,,1.60%,,,0.01%
BNU613,5%,,,1.75%,,,0.01%
BNU614,5%,,,1.15%,,,0.01%
BNV600,3%,,,0.1%,0.075%,,
BNV849,5%,5%,,2.05%,,,
BNV851,5%,5%,,2.25%,,,
BNW892,3%,,1%,0.3%,0.04%,,
BNX662,3%,3%,,1%,0.125%,,
BNY171,4.00%,1.00%,,1.25%,,,0.25%
BNY686,5%,,,1.80%,,,0.04%
BNY712,,,,,,,
BNY713,,,,,,,
BNY714,,,,,,,
BNY715,,,,,,,
BNY716,,,,,,,
BOA236,5.00%,,,1.15%,,,0.15%
BOC909,5.00%,1.00%,,1.50%,,,0.25%
BOD047,5%,,,1.50%,,,
BOD048,5%,,,1.50%,,,
BOD049,5%,,,1.00%,,,
BOD050,5%,,,1.50%,,,
BOE613,,,,1.4%,0.06%,,
BOG456,5%,,,1.20%,0.15%,,
BOG861,5%,1%,,0.02%,,,0.5%
BOG862,5%,1%,,0.02%,,,0.5%
BOH231,3%,1%,,0.60%,0.03%,,0.03%
BOH235,5.25%,5.25%,,0.43%,,,0.15%
BOH292,,,,,,,
BOH306,5%,1%,,0.013%,,,0.5%
BOH904,5.0%,5.0%,,0.35%,0.07%,,5.0%
BOH905,5.0%,5.0%,,0.35%,0.07%,,5.0%
BOH946,5%,,,1.50%,,,1.00%
BOH947,5%,,,1.10%,,,1.00%
BOK322,5%,5%,,1.40%,,,
BOK628,3%,,,2%,,,0.25%
BOM656,5%,1%,,0.1%,0.075%,,
BOM787,5%,1%,,3%,,,0.03%
BOM788,5%,1%,,3%,,,0.03%
BOP568,5%,5%,,,,,1.72%
BOP990,5%,,,0.04%,,2%,2%
BOP996,5%,,,0.04%,,2%,2%
BOP997,5%,,,0.04%,,20%,2%
BOR092,3%,,,0.6%,0.045%,,
BOR188,3%,1%,,0.60%,0.03%,,0.03%
BOS347,3%,,,0.6%,0.045%,,
BOS520,5%,,,0.80%,0.022%,,
BOS521,5%,,,1.70%,0.022%,,
BOS522,5%,,,1.70%,0.022%,,
BOS523,5%,,,0.70%,0.022%,,0.60%
BOS956,,,,0.75%,0.125%,,
BOT228,5%,5%,,,,,1.44%
BOT402,3%,1%,,0.60%,0.03%,,0.03%
BOT525,5%,,,0.65%,,,
BOT684,5%,1%,,5%,,1.20%,0.18%
BOT685,5%,1%,,5%,,,0.18%
BOU091,5%,,,0.80%,0.045%,,
BOU467,5.25%,5.25%,,0.43%,,,0.15%
BOW465,3%,,,0.1%,0.075%,,
BOW655,3.0%,,,0.4%,0.045%,,
BOW810,,,,,,,
BOW811,,,,,,,
BOX144,5%,5%,,2.35%,,,
BOX145,5%,5%,,1.90%,,,
BOX146,5%,5%,,1.70%,,,
BOX147,5%,5%,,1.75%,,,
BOX148,5%,5%,,1.90%,,,
BOX149,5%,5%,,1.09%,,,
BOX150,5%,5%,,2.35%,,,
BOX323,5%,,,0.75%,,,
BPA528,5%,5%,,0.95%,0.05%,,0.02%
BPA529,5%,5%,,0.95%,0.05%,,0.02%
BPA530,5%,5%,,1.50%,0.05%,,0.02%
BPA531,5%,5%,,1.50%,0.05%,,0.02%
BPA532,5%,5%,,1.50%,0.05%,,0.02%
BPB691,5.00%,1.00%,,1.50%,,,
BPC082,5%,,,1.20%,,,
BPC317,,,,,,,
BPC697,,,,,,,
BPC806,3.0%,1.0%,0%,1.0%,,,0.2%
BPD431,5%,1%,,1.50%,0.125%,,
BPE733,3%,1%,,0.60%,0.03%,,0.03%
BPE734,,,,,,,
BPE928,5%,2%,2%,1%,,,0.035%
BPF263,,,,0.75%,,,0.01%
BPF264,,,,0.905%,,,0.01%
BPF265,5%,,,0.95%,,,0.01%
BPG265,3%,3%,,1.25%,0.125%,,
BPG747,5.0%,1%,,0.60%,,,0.60%
BPG748,5.0%,1%,,1.50%,,,0.60%
BPH456,5.00%,,,1.10%,,,0.15%
BPJ778,,,,0.52%,,,
BPJ877,3%,,1%,0.2%,0.04%,,
BPJ964,3%,1%,,0.5%,0.09%,,
BPK049,5.50%,,,1.50%,,,0.15%
BPK050,5.50%,,,5.50%,,,0.24%
BPK051,5.50%,,,1.00%,,,0.15%
BPK507,,,,0.40%,0.07%,,
BPK666,5%,,,0.70%,0.022%,,0.65%
BPK715,,1.00%,,0.0075%,,,
BPL776,5%,,,1.25%,1%,,
BPM390,3%,2%,,0.8%,0.08%,20%,
BPM974,,1%,,1.20%,0.50%,,
BPN018,3%,1%,,0.60%,0.03%,,0.03%
BPN019,3%,1%,,0.60%,0.03%,,0.03%
BPN020,3%,1%,,0.60%,0.03%,,0.03%
BPN021,3%,1%,,0.60%,0.03%,,0.03%
BPN022,3%,1%,,0.60%,0.03%,,0.03%
BPN023,3%,1%,,0.60%,0.03%,,0.03%
BPN158,3%,,,3%,0.08%,,
BPQ088,5%,,,1.70%,,,1.00%
BPQ089,5%,,,1.10%,,,1.00%
BPQ151,2.0%,,,1.5%,,,
BPQ737,3%,,,0.6%,0.09%,,
BPR688,3%,3%,,,,,1.120%
BPR690,3%,3%,,,,,1.010%
BPR691,3%,3%,,,,,0.920%
BPR818,5%,,,0.05%,,,0.08%
BPS133,4.50%,1.00%,,1.20%,,,
BPS134,4.50%,1.00%,,1.05%,,,
BPV897,3%,,,0.4%,0.5%,,
BPW746,5%,1%,,3%,,,0.03%
BPW981,5.00%,1.00%,,1.35%,,,
BPW982,5.00%,1.00%,,1.05%,,,
BPX150,5%,1%,,1.70%,,,
BPX151,5%,1%,,1.50%,,,
BPX152,5%,,,1.30%,,,
BPX414,5.00%,3.00%,3.00%,0.75%,0.30%,,0.30%
BPX417,5.00%,3.00%,3.00%,0.65%,0.30%,,0.30%
BPX517,3%,1%,1%,1.2%,0.145%,,
BPX603,3%,1%,,0.60%,0.03%,,0.03%
BPX634,5.0%,1%,,1.50%,,,0.60%
BPY710,3%,,,0.50%,,,
BPY909,5.00%,,,0.025%,,,
BQA697,5%,5%,2%,0.45%,0.07%,0.45%,0.45%
BQA858,,,,,,,
BQB866,3%,,,2%,,,0.25%
BQC194,5%,1%,1%,1.00%,0.06%,,
BQC281,5.25%,1%,,1.50%,,,0.35%
BQC282,5.25%,1%,,1.50%,,,0.35%
BQC283,5.25%,1%,,1.50%,,,0.35%
BQC307,5%,,,0.75%,,,0.01%
BQC308,5%,,,0.65%,,,0.01%
BQC309,,,,0.57%,,,0.01%
BQC321,5%,5%,,1.90%,,,
BQC445,5.25%,,,0.05%,,,0.04%
BQC507,4.50%,1.0%,,1.50%,0.07%,,
BQD056,,,,0.8%,0.15%,,
BQF106,3%,1%,1%,1.25%,0.09%,,
BQF568,5%,5%,,1.00%,,,0.60%
BQG374,3%,,,1.1%,0.09%,,
BQG517,5%,,,0.04%,,2%,2%
BQG518,5%,,,0.04%,,2%,2%
BQG519,5%,,,0.04%,,2%,2%
BQG520,5%,,,0.04%,,2%,2%
BQG552,,,,0.30%,0.075%,,
BQK120,5%,2.0%,0.5%,1.5%,,,0.015%
BQK121,5%,2.0%,0.5%,1.5%,,,0.015%
BQK122,5%,2.0%,0.5%,1.75%,,,0.015%
BQK123,5%,2.0%,0.5%,1.5%,,,0.015%
BQK124,5%,2.0%,0.5%,1.0%,,,0.015%
BQK959,3%,1%,,0.60%,0.03%,,0.03%
BQK960,3%,1%,,0.60%,0.03%,,0.03%
BQK961,3%,1%,,0.60%,0.03%,,0.03%
BQK962,3%,1%,,0.60%,0.03%,,0.03%
BQK963,3%,1%,,0.60%,0.03%,,0.03%
BQK964,3%,1%,,0.60%,0.03%,,0.03%
BQL528,3.0%,,,0.50%,0.15%,,
BQM660,3%,,,0.7%,,,0.035%
BQM666,5%,,,1.70%,,,0.17%
BQM667,5%,,,0.75%,,,0.17%
BQN311,5.00%,1.00%,,0.70%,0.04%,,0.20%
BQN312,5.00%,1.00%,,1.00%,0.04%,,0.20%
BQN314,5.00%,1.00%,,1.00%,0.04%,,0.20%
BQN324,3%,,,1.1%,0.09%,,
BQN325,3%,,,1.07%,0.09%,,
BQN326,3%,,,1.3%,0.09%,,
BQN919,3.0%,,,0.30%,0.075%,,
BQO139,5%,1%,,1.70%,,,
BQO773,5.50%,,,,,,0.19%
BQO774,5.50%,,,1.50%,,,
BQO775,5.50%,,,,,,0.15%
BQP036,5.25%,5.25%,,1.75%,,,0.15%
BQP037,5.25%,5.25%,,1.50%,,,0.15%
BQP561,,,,,0.07%,,
BQP895,5%,1%,,0.013%,,,0.5%
BQP896,5%,1%,,0.013%,,,0.5%
BQQ356,3.00%,,,1.00%,,,0.50%
BQR236,5%,,,1.00%,,,
BQS212,5.25%,5.25%,,1.5%,0.125%,,
BQT326,5%,,,1.50%,,,
BQT657,5%,,,0.59%,,,
BQU073,5.00%,,,0.05%,,,0.05%
BQU074,,,,0.05%,,,0.05%
BQU075,1.00%,0.20%,0.60%,0.05%,,,0.05%
BQU076,1.00%,0.20%,0.60%,0.05%,,,0.05%
BQU603,5.0%,1.0%,0%,1.5%,,,0.3%
BQV079,5%,1%,,1.25%,0.135%,,
BQV387,5%,5%,,1.50%,0.07%,,0.02%
BQV888,5%,1%,,0.013%,,,0.5%
BQW030,,1.00%,,0.0075%,,,
BQW031,,1.00%,,0.0075%,,,
BQW126,5.0%,1%,,1.30%,,,0.60%
BQW529,5%,,,1.50%,,,
BQW755,5%,,,0.05%,,,0.08%
BRB596,,,,0.01%,,,
BRB844,5%,5%,,2.25%,,,
BRB845,3%,3%,,0.65%,,,
BRB846,5%,5%,,1.80%,,,
BRB847,5%,5%,,2.05%,,,
BRB848,5%,5%,,1.90%,,,
BRB849,3%,3%,,0.99%,,,
BRB850,5%,5%,,1.90%,,,
BRC209,5%,5%,2%,0.45%,0.07%,0.45%,0.45%
BRD778,5%,,,1.5%,0.5%,,
BRD779,5%,,,1%,0.5%,,
BRD891,5%,,,0.785%,,,0.17%
BRD892,5%,,,0.75%,,,0.17%
BRE072,,5%,,,0.10%,,
BRE073,,5%,,,0.10%,,
BRE374,3.00%,1%,,0.30%,,,0.15%
BRF681,3.00%,1.0%,,1.25%,0.07%,,
BRG218,4.50%,1.00%,,1.45%,,,
BRG453,3.5%,1%,,0.75%,,,0.35%
BRH008,3%,,,1.00%,,,
BRI690,5.00%,,,1.10%,,,0.15%
BRJ320,5.0%,2.0%,3.0%,1.60%,,,0.29%
BRJ321,5.0%,2.0%,3.0%,1.60%,,,0.29%
BRJ482,,,,,,,
BRK074,3%,2%,,1.20%,0.08%,20%,
BRK536,3%,1%,,1.75%,,15%,
BRN839,,,5%,,,,
BRP163,5.0%,1.0%,0%,1.5%,,,0.3%
BRQ994,5%,,,1.5%,,,1.00%
BRR529,5%,1%,2%,0.05%,,,0.0375%
BRR570,3%,1%,,1.50%,,,
BRS091,,,,0.90%,0.3%,,
BRS093,,,,1.25%,0.3%,,
BRS702,5%,1%,,3%,,,0.03%
BRS703,5%,1%,,3%,,,0.03%
BRS704,5%,1%,,3%,,,0.03%
BRS921,5%,,,1.80%,,,0.04%
BRS929,5.00%,1.00%,,1.65%,,,
BRV011,5.25%,5.25%,,1.5%,0.125%,,
BRV083,3%,1.5%,,1.30%,,,0.30%
BRV084,3%,1.5%,,1.40%,,,0.30%
BRV085,3%,1.5%,,1.50%,,,0.40%
BRV086,3%,1.5%,,1.75%,,,0.40%
BRV468,5.00%,,,1.50%,0.035%,,1%
BRV469,5.00%,,,1.10%,0.035%,,1%
BRV470,5.00%,,,1.50%,0.035%,,1%
BRV480,5.00%,1.00%,,1.25%,,,0.25%
BRV516,4%,,,1.92%,,,
BRV517,4%,,,1.92%,,,0.06%
BRV518,4%,,,1.93%,,,0.01%
BRV519,4%,,,1.91%,,,0.01%
BRV520,4%,,,1.90%,,,0.01%
BRV896,3%,,,0.80%,,,
BRW067,,1.00%,,1.00%,,,
BRW241,5%,1%,,0.02%,,,0.5%
BRX486,5%,5%,,1.25%,,,0.60%
BRX809,5%,,,1.80%,,,
BRY122,5%,,,0.84%,,,
BRY123,5%,,,0.84%,,,
BRY124,5%,,,0.84%,,,
BRY374,5%,,,2%,,,2%
BRY375,5%,,,2%,,,2%
BRY376,5%,,,2%,,,2%
BRY377,5%,,,2%,,2%,2%
BRZ231,5.00%,3.00%,3.00%,1.50%,0.30%,,0.30%
BRZ849,5%,1%,,,,,0.18%
BRZ973,5.50%,,,,,,
BRZ974,5.50%,,,1.75%,,,
BSD076,3%,,,1.72%,0.09%,,
BSD678,5%,5%,,1.25%,,,
BSE504,,1%,,1.65%,,,
BSE505,,1%,,1.50%,,,
BSE506,,1%,,1.15%,,,
BSE507,,1%,,,,,
BSE862,5%,1%,,0.00%,,,
BSE863,5%,1%,,0.00%,,,
BSE912,5.0%,1%,,0.80%,,,0.60%
BSE913,5.0%,1%,,1.30%,,,0.60%
BSE922,3%,,,2%,,,
BSE923,3%,,,2%,,,
BSF129,5.50%,,,1.50%,,,0.50%
BSG287,,3.50%,,0.0175%,0.0175%,,0.0175%
BSG677,1%,1%,,0.15%,,,
BSG912,,1%,,,,,
BSH331,0%,,,0.30%,0.03%,,
BSH885,4%,2%,,1.25%,,,0.15%
BSI024,5.00%,1.00%,,1.50%,,,0.25%
BSI123,5%,1%,,1.20%,,,0.20%
BSI430,5%,1%,,0.013%,,,0.5%
BSI431,3%,1%,,0.013%,,,0.5%
BSJ881,2%,,,0.40%,,,0.07%
BSM054,,,,,,,
BSQ366,5%,,,1.25%,1%,,
BSQ440,5%,,,1.40%,,,1.00%
BSQ441,5%,,,1.10%,,,1.00%
BSQ710,5.00%,1.00%,,1.25%,,,0.25%
BSQ711,5.00%,1.00%,,1.50%,,,0.25%
BSR977,5.25%,5.25%,,1.50%,,,0.15%
BSS918,5.00%,1.00%,,1.50%,,,0.25%
BSU222,3%,,,1.00%,,,
BSW920,4%,4%,,,,,1.040%
BSX517,5%,1%,,0.30%,0.50%,,
BSX533,5%,,,1.50%,,,
BSX534,5%,,,1.50%,,,
BSY415,5%,,,1.00%,,,
BSY416,5%,,,1.20%,,,
ALF236,4.50%,1.00%,,1.50%,,,0.35%
BDB882,,,,,,,
BFK369,,,,,,,
BLU416,,,,,,,
ABE152,0%,,,0.40%,0.03%,,
ABD641,5.0%,1%,,1.50%,,,0.60%
ABD811,5%,,,1.50%,,,0.30%
ABD813,5%,,,1.00%,,,0.30%
ABD823,0%,,,0.50%,,,0.05%
ABD824,5%,,,1.50%,,,0.30%
ABD826,0%,,,0.50%,,,0.05%
ABD829,5%,,,1.50%,,,0.30%
ABD830,5%,,,1.00%,,,0.30%
ABD837,5%,,,1.50%,,,0.30%
ACB310,5%,,,1.50%,,,0.30%
ADX785,5%,,,1.50%,,,0.30%
AGH362,5%,,,0.75%,,,0.30%
ALV259,5%,,,1.50%,,,0.30%
AOX240,5%,,,1.50%,,,0.30%
APR179,5%,,,1.50%,,,0.30%
AQU114,5.50%,,,1.50%,,,0.50%
AQU115,5.50%,,,2.00%,,,0.50%
ASS783,5%,,,1.50%,,,0.30%
AUR971,5%,,,1.50%,,,0.30%
AUR974,5%,,,1.50%,,,0.30%
AWS587,5%,,,1.35%,,,0.30%
AWS588,5%,,,1.35%,,,0.30%
AWS589,5%,,,1.50%,,,0.30%
BAF169,5%,,,1.50%,,,0.30%
BAF171,5%,,,1.50%,,,0.30%
BBE288,5.50%,,,1.70%,,,0.50%
BBE289,5.50%,,,1.70%,,,0.50%
BBE290,5.50%,,,1.50%,,,0.50%
BBE291,3.00%,,,1.50%,,,0.50%
BBE292,3.00%,,,0.60%,,,0.50%
BBQ508,5%,1%,,0.40%,0.075%,,
BRG187,5%,1%,,0.40%,0.075%,,
BBQ508,5%,1%,,0.40%,0.075%,,
BSG589,5%,1%,,0.40%,0.075%,,
BBR125,5%,,,1.60%,,,0.30%
BBR126,5%,,,1.15%,,,0.30%
BDE381,1.5%,,,0.5%,2%,,
BDN049,5%,5%,,2.00%,0.07%,,
BDN051,5%,5%,,2.00%,0.07%,,
BDN052,5%,5%,,2.00%,0.07%,,
BFI256,3%,,,3%,1.0%,,
BGD682,5%,,,1.50%,,,0.30%
BHZ554,5%,,,1.50%,,,0.30%
BJE589,3.00%,,,1.00%,,,0.50%
BKJ588,5%,,,1.15%,,,0.30%
BLW768,5%,,3%,2.00%,,,1.00%
BLW769,5%,,3%,2.00%,,,1.00%
BLW770,5%,,3%,2.00%,,,0.90%
BMJ356,5%,,,1.00%,,,0.30%
BPF354,5%,,,1.20%,,,0.30%
BPM841,5%,,,1.50%,,,0.30%
BQK970,5%,,,1.50%,,,0.30%
BQQ357,5.50%,,,1.50%,,,0.50%
BRV725,5%,,,1.50%,,,0.30%
BSF128,5.50%,,,0.45%,,,0.50%
BSP533,5%,,,,,,1.75%
