prod,subfund,issuer,date_auth,doc,deriv,type,id_prod,id_subfund,name_subfund,name_prod,subscription,switching,redemption,management,trustee,performance,admin,year
AB (HK) Unit Trust Series (BFF199),AB (HK) All Market Income Portfolio (BRV468),AllianceBernstein Hong Kong Limited,12/29/2021,Offering Documents,No,2;0;0;0;0;0;0;0;0;0;0;0;0,BFF199,BRV468,AB (HK) All Market Income Portfolio,AB (HK) Unit Trust Series,5.00%,0,0,1.50%,0.04%,0,1%,2021
AB (HK) Unit Trust Series (BFF199),AB (HK) Asia Income Opportunities Portfolio (BRV469),AllianceBernstein Hong Kong Limited,12/29/2021,Offering Documents,No,2;0;0;0;0;0;0;0;0;0;0;0;0,BFF199,BRV469,AB (HK) Asia Income Opportunities Portfolio,AB (HK) Unit Trust Series,5.00%,0,0,1.10%,0.04%,0,1%,2021
AB (HK) Unit Trust Series (BFF199),AB (HK) Low Volatility Equity Portfolio (BRV470),AllianceBernstein Hong Kong Limited,12/29/2021,Offering Documents,No,2;0;0;0;0;0;0;0;0;0;0;0;0,BFF199,BRV470,AB (HK) Low Volatility Equity Portfolio,AB (HK) Unit Trust Series,5.00%,0,0,1.50%,0.04%,0,1%,2021
AB SICAV I (ANP585),China A Shares Equity Portfolio (BPQ088),AllianceBernstein (Luxembourg) S.a.r.l.,7/20/2020,Offering Documents,No,0;0;0;0;0;0;0;0;0;11;0;0;0,ANP585,BPQ088,China A Shares Equity Portfolio,AB SICAV I,5%,0,0,1.70%,0,0,1.00%,2020
AB SICAV I (ANP585),Global Income Portfolio (BPQ089),AllianceBernstein (Luxembourg) S.a.r.l.,7/20/2020,Offering Documents,No,0;0;0;0;0;0;0;0;0;11;0;0;0,ANP585,BPQ089,Global Income Portfolio,AB SICAV I,5%,0,0,1.10%,0,0,1.00%,2020
AB SICAV I (ANP585),Low Volatility Total Return Equity Portfolio (BOH946),AllianceBernstein (Luxembourg) S.a.r.l.,8/26/2019,Offering Documents,No,0;0;0;0;0;0;0;0;0;11;0;0;0,ANP585,BOH946,Low Volatility Total Return Equity Portfolio,AB SICAV I,5%,0,0,1.50%,0,0,1.00%,2019
AB SICAV I (ANP585),RMB Income Plus Portfolio (BOH947),AllianceBernstein (Luxembourg) S.a.r.l.,8/26/2019,Offering Documents,No,0;0;0;0;0;0;0;0;0;11;0;0;0,ANP585,BOH947,RMB Income Plus Portfolio,AB SICAV I,5%,0,0,1.10%,0,0,1.00%,2019
AB SICAV I (ANP585),Sustainable All Market Portfolio (BSQ440),AllianceBernstein (Luxembourg) S.a.r.l.,8/17/2022,Offering Documents,No,0;0;0;0;0;0;0;0;0;11;0;0;0,ANP585,BSQ440,Sustainable All Market Portfolio,AB SICAV I,5%,0,0,1.40%,0,0,1.00%,2022
AB SICAV I (ANP585),Sustainable Income Portfolio (BSQ441),AllianceBernstein (Luxembourg) S.a.r.l.,8/17/2022,Offering Documents,No,0;0;0;0;0;0;0;0;0;11;0;0;0,ANP585,BSQ441,Sustainable Income Portfolio,AB SICAV I,5%,0,0,1.10%,0,0,1.00%,2022
AB SICAV I (ANP585),Sustainable US Thematic Portfolio (BRQ994),AllianceBernstein (Luxembourg) S.a.r.l.,11/18/2021,Offering Documents,No,2;0;0;0;0;0;0;0;0;11;0;0;0,ANP585,BRQ994,Sustainable US Thematic Portfolio,AB SICAV I,5%,0,0,1.50%,0,0,1.00%,2021
Aberdeen Standard Liquidity Fund (Lux) (BRB594),Aberdeen Standard Liquidity Fund (Lux) - US Dollar Fund (BRB596),Abrdn Investments Luxembourg S.A.,9/8/2021,Offering Documents,No,0;0;4;0;0;0;0;0;0;11;0;0;0,BRB594,BRB596,Aberdeen Standard Liquidity Fund (Lux) - US Dollar Fund,Aberdeen Standard Liquidity Fund (Lux),0,0,0,0.01%,0,0,0,2021
Aberdeen Standard SICAV I (AAN337),Aberdeen Standard SICAV I - Asian Sustainable Development Equity Fund (BQW126),Abrdn Investments Luxembourg S.A.,5/13/2021,Offering Documents,No,0;0;0;0;0;0;0;0;0;11;0;0;0,AAN337,BQW126,Aberdeen Standard SICAV I - Asian Sustainable Development Equity Fund,Aberdeen Standard SICAV I,5.00%,1%,0,1.30%,0,0,0.60%,2021
Aberdeen Standard SICAV I (AAN337),Aberdeen Standard SICAV I - Australian Dollar Income Bond Fund (BPG747),Abrdn Investments Luxembourg S.A.,3/24/2020,Offering Documents,No,0;0;0;0;0;0;0;0;0;11;0;0;0,AAN337,BPG747,Aberdeen Standard SICAV I - Australian Dollar Income Bond Fund,Aberdeen Standard SICAV I,5.00%,1%,0,0.60%,0,0,0.60%,2020
Aberdeen Standard SICAV I (AAN337),Aberdeen Standard SICAV I - China A Share Sustainable Equity Fund (BNR311),Abrdn Investments Luxembourg S.A.,1/8/2019,Offering Documents,No,0;0;0;0;0;0;0;0;0;11;0;0;0,AAN337,BNR311,Aberdeen Standard SICAV I - China A Share Sustainable Equity Fund,Aberdeen Standard SICAV I,5.00%,0,0,1.75%,0,0,0.60%,2019
Aberdeen Standard SICAV I (AAN337),Aberdeen Standard SICAV I - Climate Transition Bond Fund (BSE912),Abrdn Investments Luxembourg S.A.,4/28/2022,Offering Documents,No,0;0;0;0;0;0;0;0;0;11;0;0;0,AAN337,BSE912,Aberdeen Standard SICAV I - Climate Transition Bond Fund,Aberdeen Standard SICAV I,5.00%,1%,0,0.80%,0,0,0.60%,2022
Aberdeen Standard SICAV I (AAN337),Aberdeen Standard SICAV I - Diversified Income Fund (BNR312),Abrdn Investments Luxembourg S.A.,1/8/2019,Offering Documents,No,0;0;0;0;0;0;0;0;0;11;0;0;0,AAN337,BNR312,Aberdeen Standard SICAV I - Diversified Income Fund,Aberdeen Standard SICAV I,5.00%,1%,0,1.20%,0,0,0.60%,2019
Aberdeen Standard SICAV I (AAN337),Aberdeen Standard SICAV I - Emerging Markets Sustainable Development Equity Fund (BSE913),Abrdn Investments Luxembourg S.A.,4/28/2022,Offering Documents,No,0;0;0;0;0;0;0;0;0;11;0;0;0,AAN337,BSE913,Aberdeen Standard SICAV I - Emerging Markets Sustainable Development Equity Fund,Aberdeen Standard SICAV I,5.00%,1%,0,1.30%,0,0,0.60%,2022
Aberdeen Standard SICAV I (AAN337),Aberdeen Standard SICAV I - Frontier Markets Bond Fund (BPG748),Abrdn Investments Luxembourg S.A.,3/24/2020,Offering Documents,No,0;0;0;0;0;0;0;0;0;11;0;0;0,AAN337,BPG748,Aberdeen Standard SICAV I - Frontier Markets Bond Fund,Aberdeen Standard SICAV I,5.00%,1%,0,1.50%,0,0,0.60%,2020
Aberdeen Standard SICAV I (AAN337),Aberdeen Standard SICAV I - Global Dynamic Dividend Fund (BPX634),Abrdn Investments Luxembourg S.A.,9/29/2020,Offering Documents,No,0;0;0;0;0;0;0;0;0;11;0;0;0,AAN337,BPX634,Aberdeen Standard SICAV I - Global Dynamic Dividend Fund,Aberdeen Standard SICAV I,5.00%,1%,0,1.50%,0,0,0.60%,2020
AIA Wealth Funds (BPA524),AIA Asia (ex Japan) Equity Fund (BPA530),AIA Investment Management HK Limited,4/7/2020,Offering Documents,No,2;0;0;0;0;0;0;0;0;0;0;0;0,BPA524,BPA530,AIA Asia (ex Japan) Equity Fund,AIA Wealth Funds,5%,5%,0,1.50%,0.05%,0,0.02%,2020
AIA Wealth Funds (BPA524),AIA China Equity Fund (BPA532),AIA Investment Management HK Limited,4/7/2020,Offering Documents,No,2;0;0;0;0;0;0;0;0;0;0;0;0,BPA524,BPA532,AIA China Equity Fund,AIA Wealth Funds,5%,5%,0,1.50%,0.05%,0,0.02%,2020
AIA Wealth Funds (BPA524),AIA Corporate Bond Fund (BPA529),AIA Investment Management HK Limited,4/7/2020,Offering Documents,No,2;0;0;0;0;0;0;0;0;0;0;0;0,BPA524,BPA529,AIA Corporate Bond Fund,AIA Wealth Funds,5%,5%,0,0.95%,0.05%,0,0.02%,2020
AIA Wealth Funds (BPA524),AIA Government Bond Fund (BPA528),AIA Investment Management HK Limited,4/7/2020,Offering Documents,No,2;0;0;0;0;0;0;0;0;0;0;0;0,BPA524,BPA528,AIA Government Bond Fund,AIA Wealth Funds,5%,5%,0,0.95%,0.05%,0,0.02%,2020
AIA Wealth Funds (BPA524),AIA Greater China Equity Fund (BPA531),AIA Investment Management HK Limited,4/7/2020,Offering Documents,No,2;0;0;0;0;0;0;0;0;0;0;0;0,BPA524,BPA531,AIA Greater China Equity Fund,AIA Wealth Funds,5%,5%,0,1.50%,0.05%,0,0.02%,2020
Allianz Global Investors Choice Fund (AFH733),Allianz Choice China A-Shares Fund (BRC209),Allianz Global Investors Asia Pacific Limited,8/5/2021,Offering Documents,No,0;0;0;0;0;0;0;0;0;0;0;0;0,AFH733,BRC209,Allianz Choice China A-Shares Fund,Allianz Global Investors Choice Fund,5%,5%,2%,0.45%,0.07%,0.45%,0.45%,2021
Allianz Global Investors Choice Fund (AFH733),Allianz Choice Global Equity Fund (BQA697),Allianz Global Investors Asia Pacific Limited,11/16/2020,Offering Documents,No,2;0;0;0;0;0;0;0;0;0;0;0;0,AFH733,BQA697,Allianz Choice Global Equity Fund,Allianz Global Investors Choice Fund,5%,5%,2%,0.45%,0.07%,0.45%,0.45%,2020
Allianz Global Investors Fund (AOY394),Allianz China A Opportunities (BRB844),Allianz Global Investors GmbH,6/16/2021,Offering Documents,No,0;0;0;0;0;0;0;0;0;11;0;0;0,AOY394,BRB844,Allianz China A Opportunities,Allianz Global Investors Fund,5%,5%,0,2.25%,0,0,0,2021
Allianz Global Investors Fund (AOY394),Allianz China A-Shares (BNV851),Allianz Global Investors GmbH,2/8/2019,Offering Documents,No,0;0;0;0;0;0;0;0;0;11;0;0;0,AOY394,BNV851,Allianz China A-Shares,Allianz Global Investors Fund,5%,5%,0,2.25%,0,0,0,2019
Allianz Global Investors Fund (AOY394),Allianz China Strategic Bond (BRB845),Allianz Global Investors GmbH,6/16/2021,Offering Documents,No,0;0;0;0;0;0;0;0;0;11;0;0;0,AOY394,BRB845,Allianz China Strategic Bond,Allianz Global Investors Fund,3%,3%,0,0.65%,0,0,0,2021
Allianz Global Investors Fund (AOY394),Allianz Cyber Security (BOX144),Allianz Global Investors GmbH,12/23/2019,Offering Documents,No,0;0;0;0;0;0;0;0;0;11;0;0;0,AOY394,BOX144,Allianz Cyber Security,Allianz Global Investors Fund,5%,5%,0,2.35%,0,0,0,2019
Allianz Global Investors Fund (AOY394),Allianz Emerging Markets SRI Bond (BOX146),Allianz Global Investors GmbH,12/23/2019,Offering Documents,No,0;0;0;0;0;0;0;0;0;11;0;0;0,AOY394,BOX146,Allianz Emerging Markets SRI Bond,Allianz Global Investors Fund,5%,5%,0,1.70%,0,0,0,2019
Allianz Global Investors Fund (AOY394),Allianz Emerging Markets SRI Corporate Bond (BOX147),Allianz Global Investors GmbH,12/23/2019,Offering Documents,No,0;0;0;0;0;0;0;0;0;11;0;0;0,AOY394,BOX147,Allianz Emerging Markets SRI Corporate Bond,Allianz Global Investors Fund,5%,5%,0,1.75%,0,0,0,2019
Allianz Global Investors Fund (AOY394),Allianz Food Security (BQC321),Allianz Global Investors GmbH,10/23/2020,Offering Documents,No,0;0;0;0;0;0;0;0;0;11;0;0;0,AOY394,BQC321,Allianz Food Security,Allianz Global Investors Fund,5%,5%,0,1.90%,0,0,0,2020
Allianz Global Investors Fund (AOY394),Allianz Global Equity Growth (BRB846),Allianz Global Investors GmbH,6/16/2021,Offering Documents,No,0;0;0;0;0;0;0;0;0;11;0;0;0,AOY394,BRB846,Allianz Global Equity Growth,Allianz Global Investors Fund,5%,5%,0,1.80%,0,0,0,2021
Allianz Global Investors Fund (AOY394),Allianz Global Income (BOX145),Allianz Global Investors GmbH,12/23/2019,Offering Documents,No,0;0;0;0;0;0;0;0;0;11;0;0;0,AOY394,BOX145,Allianz Global Income,Allianz Global Investors Fund,5%,5%,0,1.90%,0,0,0,2019
Allianz Global Investors Fund (AOY394),Allianz Global Intelligent Cities Income (BOX148),Allianz Global Investors GmbH,12/23/2019,Offering Documents,No,0;0;0;0;0;0;0;0;0;11;0;0;0,AOY394,BOX148,Allianz Global Intelligent Cities Income,Allianz Global Investors Fund,5%,5%,0,1.90%,0,0,0,2019
Allianz Global Investors Fund (AOY394),Allianz Global Water (BRB847),Allianz Global Investors GmbH,6/16/2021,Offering Documents,No,0;0;0;0;0;0;0;0;0;11;0;0;0,AOY394,BRB847,Allianz Global Water,Allianz Global Investors Fund,5%,5%,0,2.05%,0,0,0,2021
Allianz Global Investors Fund (AOY394),Allianz Green Bond (BOX149),Allianz Global Investors GmbH,12/23/2019,Offering Documents,No,0;0;0;0;0;0;0;0;0;11;0;0;0,AOY394,BOX149,Allianz Green Bond,Allianz Global Investors Fund,5%,5%,0,1.09%,0,0,0,2019
Allianz Global Investors Fund (AOY394),Allianz Pet and Animal Wellbeing (BOX150),Allianz Global Investors GmbH,12/23/2019,Offering Documents,No,0;0;0;0;0;0;0;0;0;11;0;0;0,AOY394,BOX150,Allianz Pet and Animal Wellbeing,Allianz Global Investors Fund,5%,5%,0,2.35%,0,0,0,2019
Allianz Global Investors Fund (AOY394),Allianz Positive Change (BRB848),Allianz Global Investors GmbH,6/16/2021,Offering Documents,No,0;0;0;0;0;0;0;0;0;11;0;0;0,AOY394,BRB848,Allianz Positive Change,Allianz Global Investors Fund,5%,5%,0,1.90%,0,0,0,2021
Allianz Global Investors Fund (AOY394),Allianz Renminbi Fixed Income (BRB849),Allianz Global Investors GmbH,6/16/2021,Offering Documents,No,0;0;0;0;0;0;0;0;0;11;0;0;0,AOY394,BRB849,Allianz Renminbi Fixed Income,Allianz Global Investors Fund,3%,3%,0,0.99%,0,0,0,2021
Allianz Global Investors Fund (AOY394),Allianz Smart Energy (BRB850),Allianz Global Investors GmbH,6/16/2021,Offering Documents,No,0;0;0;0;0;0;0;0;0;11;0;0;0,AOY394,BRB850,Allianz Smart Energy,Allianz Global Investors Fund,5%,5%,0,1.90%,0,0,0,2021
Allianz Global Investors Fund (AOY394),Allianz Thematica (BNV849),Allianz Global Investors GmbH,2/8/2019,Offering Documents,No,0;0;0;0;0;0;0;0;0;11;0;0;0,AOY394,BNV849,Allianz Thematica,Allianz Global Investors Fund,5%,5%,0,2.05%,0,0,0,2019
Allspring (Lux) Worldwide Fund (ART572),Allspring (Lux) Worldwide Fund - Climate Transition Global Investment Grade Credit Fund (BQG518),Allspring Global Investments Luxembourg S.A.,12/30/2020,Offering Documents,No,0;0;0;0;0;0;0;0;0;11;0;0;0,ART572,BQG518,Allspring (Lux) Worldwide Fund - Climate Transition Global Investment Grade Credit Fund,Allspring (Lux) Worldwide Fund,5%,0,0,0.04%,0,2%,2%,2020
Allspring (Lux) Worldwide Fund (ART572),Allspring (Lux) Worldwide Fund - EUR Investment Grade Credit Fund (BOP996),Allspring Global Investments Luxembourg S.A.,11/12/2019,Offering Documents,No,0;0;0;0;0;0;0;0;0;11;0;0;0,ART572,BOP996,Allspring (Lux) Worldwide Fund - EUR Investment Grade Credit Fund,Allspring (Lux) Worldwide Fund,5%,0,0,0.04%,0,2%,2%,2019
Allspring (Lux) Worldwide Fund (ART572),Allspring (Lux) Worldwide Fund - Global Factor Enhanced Equity Fund (BQG517),Allspring Global Investments Luxembourg S.A.,12/30/2020,Offering Documents,No,0;0;0;0;0;0;0;0;0;11;0;0;0,ART572,BQG517,Allspring (Lux) Worldwide Fund - Global Factor Enhanced Equity Fund,Allspring (Lux) Worldwide Fund,5%,0,0,0.04%,0,2%,2%,2020
Allspring (Lux) Worldwide Fund (ART572),Allspring (Lux) Worldwide Fund - Global Long/Short Equity Fund (BOP997),Allspring Global Investments Luxembourg S.A.,11/12/2019,Offering Documents,Yes,0;0;0;0;0;0;0;0;0;11;0;0;0,ART572,BOP997,Allspring (Lux) Worldwide Fund - Global Long/Short Equity Fund,Allspring (Lux) Worldwide Fund,5%,0,0,0.04%,0,20%,2%,2019
Allspring (Lux) Worldwide Fund (ART572),Allspring (Lux) Worldwide Fund - Global Small Cap Equity Fund (BQG519),Allspring Global Investments Luxembourg S.A.,12/30/2020,Offering Documents,No,0;0;0;0;0;0;0;0;0;11;0;0;0,ART572,BQG519,Allspring (Lux) Worldwide Fund - Global Small Cap Equity Fund,Allspring (Lux) Worldwide Fund,5%,0,0,0.04%,0,2%,2%,2020
Allspring (Lux) Worldwide Fund (ART572),Allspring (Lux) Worldwide Fund - Small Cap Innovation Fund (BQG520),Allspring Global Investments Luxembourg S.A.,12/30/2020,Offering Documents,No,0;0;0;0;0;0;0;0;0;11;0;0;0,ART572,BQG520,Allspring (Lux) Worldwide Fund - Small Cap Innovation Fund,Allspring (Lux) Worldwide Fund,5%,0,0,0.04%,0,2%,2%,2020
Allspring (Lux) Worldwide Fund (ART572),Allspring (Lux) Worldwide Fund - USD Investment Grade Credit Fund (BOP990),Allspring Global Investments Luxembourg S.A.,11/12/2019,Offering Documents,No,0;0;0;0;0;0;0;0;0;11;0;0;0,ART572,BOP990,Allspring (Lux) Worldwide Fund - USD Investment Grade Credit Fund,Allspring (Lux) Worldwide Fund,5%,0,0,0.04%,0,2%,2%,2019
Amundi Funds (AGC783),China Equity (BNU344),Amundi Luxembourg S.A.,2/11/2019,Offering Documents,No,0;0;0;0;0;0;0;0;0;11;0;0;0,AGC783,BNU344,China Equity,Amundi Funds,4.50%,1.00%,0,1.95%,0,0,0,2019
Amundi Funds (AGC783),Emerging Markets Green Bond (BRG218),Amundi Luxembourg S.A.,7/14/2021,Offering Documents,No,0;0;0;0;0;0;0;0;0;11;0;0;0,AGC783,BRG218,Emerging Markets Green Bond,Amundi Funds,4.50%,1.00%,0,1.45%,0,0,0,2021
Amundi Funds (AGC783),Global High Yield Bond (BPS133),Amundi Luxembourg S.A.,8/6/2020,Offering Documents,No,0;0;0;0;0;0;0;0;0;11;0;0;0,AGC783,BPS133,Global High Yield Bond,Amundi Funds,4.50%,1.00%,0,1.20%,0,0,0,2020
Amundi Funds (AGC783),Pioneer Global Equity (BNU341),Amundi Luxembourg S.A.,2/11/2019,Offering Documents,No,0;0;0;0;0;0;0;0;0;11;0;0;0,AGC783,BNU341,Pioneer Global Equity,Amundi Funds,4.50%,1.00%,0,1.80%,0,0,0,2019
Amundi Funds (AGC783),Pioneer US Bond (BPS134),Amundi Luxembourg S.A.,8/6/2020,Offering Documents,No,0;0;0;0;0;0;0;0;0;11;0;0;0,AGC783,BPS134,Pioneer US Bond,Amundi Funds,4.50%,1.00%,0,1.05%,0,0,0,2020
Amundi Funds (AGC783),Pioneer US Equity Research Value (BNU342),Amundi Luxembourg S.A.,2/11/2019,Offering Documents,No,0;0;0;0;0;0;0;0;0;11;0;0;0,AGC783,BNU342,Pioneer US Equity Research Value,Amundi Funds,4.50%,1.00%,0,1.65%,0,0,0,2019
Amundi Funds (AGC783),Sustainable Top European Players (BNU343),Amundi Luxembourg S.A.,2/11/2019,Offering Documents,No,0;0;0;0;0;0;0;0;0;11;0;0;0,AGC783,BNU343,Sustainable Top European Players,Amundi Funds,4.50%,1.00%,0,1.65%,0,0,0,2019
Amundi HK Portfolios (ATH930),Amundi HK - Asian Bond Fixed Maturity Fund 2023 (BPJ964),Amundi Hong Kong Limited,3/23/2020,Offering Documents,No,2;0;0;0;0;0;0;0;0;0;0;0;0,ATH930,BPJ964,Amundi HK - Asian Bond Fixed Maturity Fund 2023,Amundi HK Portfolios,3%,1%,0,0.50%,0.09%,0,0,2020
Architas Multi-Manager Global Managed Funds Unit Trust (BLW767),E.P.I.C. Global Equity Opportunities Fund (BSP533),Architas Multi-Manager Europe Limited,7/27/2022,Offering Documents,No,0;0;0;0;0;0;0;0;0;11;0;0;0,BLW767,BSP533,E.P.I.C. Global Equity Opportunities Fund,Architas Multi-Manager Global Managed Funds Unit Trust,5%,0,0,0,0,0,1.75%,2022
AXA World Funds (AEU586),AXA World Funds - Framlington Digital Economy (BQQ357),AXA Funds Management S.A.,3/26/2021,Offering Documents,No,2;0;0;0;0;0;0;0;0;11;0;0;0,AEU586,BQQ357,AXA World Funds - Framlington Digital Economy,AXA World Funds,5.50%,0,0,1.50%,0,0,0.50%,2021
AXA World Funds (AEU586),AXA World Funds - Framlington Evolving Trends (BSF129),AXA Funds Management S.A.,4/13/2022,Offering Documents,No,0;0;0;0;0;0;0;0;0;11;0;0;0,AEU586,BSF129,AXA World Funds - Framlington Evolving Trends,AXA World Funds,5.50%,0,0,1.50%,0,0,0.50%,2022
AXA World Funds (AEU586),AXA World Funds - Global Factors - Sustainable Equity (BSF128),AXA Funds Management S.A.,4/13/2022,Offering Documents,No,0;0;0;0;0;0;0;0;0;11;0;0;0,AEU586,BSF128,AXA World Funds - Global Factors - Sustainable Equity,AXA World Funds,5.50%,0,0,0.45%,0,0,0.50%,2022
AXA World Funds (AEU586),AXA World Funds - Global Strategic Bonds (BQQ356),AXA Funds Management S.A.,3/26/2021,Offering Documents,No,2;0;0;0;0;0;0;0;0;11;0;0;0,AEU586,BQQ356,AXA World Funds - Global Strategic Bonds,AXA World Funds,3.00%,0,0,1.00%,0,0,0.50%,2021
Barings International Umbrella Fund (AAV969),Barings Global Balanced Fund (BQR236),Baring International Fund Managers (Ireland) Limited,3/17/2021,Offering Documents,No,0;0;0;0;0;0;0;0;0;11;0;0;0,AAV969,BQR236,Barings Global Balanced Fund,Barings International Umbrella Fund,5%,0,0,1.00%,0,0,0,2021
Barings Umbrella Fund plc (BNC267),Barings Developed and Emerging Markets High Yield Bond Fund (BSD678),Baring International Fund Managers (Ireland) Limited,3/14/2022,Offering Documents,No,0;0;0;0;0;0;0;0;0;11;0;0;0,BNC267,BSD678,Barings Developed and Emerging Markets High Yield Bond Fund,Barings Umbrella Fund plc,5%,5%,0,1.25%,0,0,0,2022
Barings Umbrella Fund plc (BNC267),Barings Emerging Markets Sovereign Debt Fund (BOK322),Baring International Fund Managers (Ireland) Limited,9/13/2019,Offering Documents,No,0;0;0;0;0;0;0;0;0;11;0;0;0,BNC267,BOK322,Barings Emerging Markets Sovereign Debt Fund,Barings Umbrella Fund plc,5%,5%,0,1.40%,0,0,0,2019
Barings Umbrella Fund plc (BNC267),Barings USD Liquidity Fund (BPJ778),Baring International Fund Managers (Ireland) Limited,5/20/2020,Offering Documents,No,0;0;4;0;0;0;0;0;0;11;0;0;0,BNC267,BPJ778,Barings USD Liquidity Fund,Barings Umbrella Fund plc,0,0,0,0.52%,0,0,0,2020
BEA Union Investment Series (AHE623),BEA Union Investment Asian Bond Target Maturity Fund 2023 (BOR092),BEA Union Investment Management Limited,11/28/2019,Offering Documents,No,2;0;0;0;0;0;0;0;0;0;0;0;0,AHE623,BOR092,BEA Union Investment Asian Bond Target Maturity Fund 2023,BEA Union Investment Series,3%,0,0,0.60%,0.05%,0,0,2019
BEA Union Investment Series (AHE623),BEA Union Investment Asian Corporate Target Maturity Fund 2023 (BOS347),BEA Union Investment Management Limited,10/21/2019,Offering Documents,No,2;0;0;0;0;0;0;0;0;0;0;0;0,AHE623,BOS347,BEA Union Investment Asian Corporate Target Maturity Fund 2023,BEA Union Investment Series,3%,0,0,0.60%,0.05%,0,0,2019
BlackRock Global Funds (AAR239),China Bond Fund (BOX323),BlackRock (Luxembourg) S.A.,12/2/2019,Offering Documents,No,0;0;0;0;0;0;0;0;0;11;0;0;0,AAR239,BOX323,China Bond Fund,BlackRock Global Funds,5%,0,0,0.75%,0,0,0,2019
BlackRock Global Funds (AAR239),China Innovation Fund (BSX533),BlackRock (Luxembourg) S.A.,10/26/2022,Offering Documents,No,0;0;0;0;0;0;0;0;0;11;0;0;0,AAR239,BSX533,China Innovation Fund,BlackRock Global Funds,5%,0,0,1.50%,0,0,0,2022
BlackRock Global Funds (AAR239),China Onshore Bond Fund (BSY415),BlackRock (Luxembourg) S.A.,10/26/2022,Offering Documents,No,0;0;0;0;0;0;0;0;0;11;0;0;0,AAR239,BSY415,China Onshore Bond Fund,BlackRock Global Funds,5%,0,0,1.00%,0,0,0,2022
BlackRock Global Funds (AAR239),Circular Economy Fund (BQT326),BlackRock (Luxembourg) S.A.,4/1/2021,Offering Documents,No,0;0;0;0;0;0;0;0;0;11;0;0;0,AAR239,BQT326,Circular Economy Fund,BlackRock Global Funds,5%,0,0,1.50%,0,0,0,2021
BlackRock Global Funds (AAR239),ESG Flex Choice Cautious Fund (BRY122),BlackRock (Luxembourg) S.A.,1/10/2022,Offering Documents,No,0;0;0;0;0;0;0;0;0;11;0;0;0,AAR239,BRY122,ESG Flex Choice Cautious Fund,BlackRock Global Funds,5%,0,0,0.84%,0,0,0,2022
BlackRock Global Funds (AAR239),ESG Flex Choice Growth Fund (BRY123),BlackRock (Luxembourg) S.A.,1/10/2022,Offering Documents,No,0;0;0;0;0;0;0;0;0;11;0;0;0,AAR239,BRY123,ESG Flex Choice Growth Fund,BlackRock Global Funds,5%,0,0,0.84%,0,0,0,2022
BlackRock Global Funds (AAR239),ESG Flex Choice Moderate Fund (BRY124),BlackRock (Luxembourg) S.A.,1/10/2022,Offering Documents,No,0;0;0;0;0;0;0;0;0;11;0;0;0,AAR239,BRY124,ESG Flex Choice Moderate Fund,BlackRock Global Funds,5%,0,0,0.84%,0,0,0,2022
BlackRock Global Funds (AAR239),FinTech Fund (BOD047),BlackRock (Luxembourg) S.A.,4/17/2019,Offering Documents,No,0;0;0;0;0;0;0;0;0;11;0;0;0,AAR239,BOD047,FinTech Fund,BlackRock Global Funds,5%,0,0,1.50%,0,0,0,2019
BlackRock Global Funds (AAR239),Future Of Transport Fund (BOD048),BlackRock (Luxembourg) S.A.,4/17/2019,Offering Documents,No,0;0;0;0;0;0;0;0;0;11;0;0;0,AAR239,BOD048,Future Of Transport Fund,BlackRock Global Funds,5%,0,0,1.50%,0,0,0,2019
BlackRock Global Funds (AAR239),Next Generation Health Care Fund (BSX534),BlackRock (Luxembourg) S.A.,10/26/2022,Offering Documents,No,0;0;0;0;0;0;0;0;0;11;0;0;0,AAR239,BSX534,Next Generation Health Care Fund,BlackRock Global Funds,5%,0,0,1.50%,0,0,0,2022
BlackRock Global Funds (AAR239),Next Generation Technology Fund (BOD050),BlackRock (Luxembourg) S.A.,4/17/2019,Offering Documents,No,0;0;0;0;0;0;0;0;0;11;0;0;0,AAR239,BOD050,Next Generation Technology Fund,BlackRock Global Funds,5%,0,0,1.50%,0,0,0,2019
BlackRock Global Funds (AAR239),Sustainable Global Bond Income Fund (BOD049),BlackRock (Luxembourg) S.A.,4/17/2019,Offering Documents,No,0;0;0;0;0;0;0;0;0;11;0;0;0,AAR239,BOD049,Sustainable Global Bond Income Fund,BlackRock Global Funds,5%,0,0,1.00%,0,0,0,2019
BlackRock Global Funds (AAR239),Sustainable Global Infrastructure Fund (BSY416),BlackRock (Luxembourg) S.A.,10/26/2022,Offering Documents,No,0;0;0;0;0;0;0;0;0;11;0;0;0,AAR239,BSY416,Sustainable Global Infrastructure Fund,BlackRock Global Funds,5%,0,0,1.20%,0,0,0,2022
BlackRock Premier Funds (BAV201),China US Dollar Bond Fund (BOK628),BlackRock Asset Management North Asia Limited,7/25/2019,Offering Documents,No,0;0;0;0;0;0;0;0;0;0;0;0;0,BAV201,BOK628,China US Dollar Bond Fund,BlackRock Premier Funds,3%,0,0,2%,0,0,0.25%,2019
BlackRock Premier Funds (BAV201),Dynamic High Income Fund (BSE922),BlackRock Asset Management North Asia Limited,4/12/2022,Offering Documents,No,0;0;0;0;0;0;0;0;0;0;0;0;0,BAV201,BSE922,Dynamic High Income Fund,BlackRock Premier Funds,3%,0,0,2%,0,0,0,2022
BlackRock Premier Funds (BAV201),Global Megatrend Allocation Fund (BQB866),BlackRock Asset Management North Asia Limited,10/29/2020,Offering Documents,No,2;0;0;0;0;0;0;0;0;0;0;0;0,BAV201,BQB866,Global Megatrend Allocation Fund,BlackRock Premier Funds,3%,0,0,2%,0,0,0.25%,2020
BlackRock Premier Funds (BAV201),Systematic Global Equity High Income Fund (BSE923),BlackRock Asset Management North Asia Limited,4/12/2022,Offering Documents,No,0;0;0;0;0;0;0;0;0;0;0;0;0,BAV201,BSE923,Systematic Global Equity High Income Fund,BlackRock Premier Funds,3%,0,0,2%,0,0,0,2022
BNP Paribas Funds (AEK802),BNP Paribas Funds Ecosystem Restoration (BRV085),BNP Paribas ASSET MANAGEMENT Luxembourg,12/13/2021,Offering Documents,No,0;0;0;0;0;0;0;0;0;11;0;0;0,AEK802,BRV085,BNP Paribas Funds Ecosystem Restoration,BNP Paribas Funds,3%,1.50%,0,1.50%,0,0,0.40%,2021
BNP Paribas Funds (AEK802),BNP Paribas Funds SMaRT Food (BRV086),BNP Paribas ASSET MANAGEMENT Luxembourg,12/13/2021,Offering Documents,No,0;0;0;0;0;0;0;0;0;11;0;0;0,AEK802,BRV086,BNP Paribas Funds SMaRT Food,BNP Paribas Funds,3%,1.50%,0,1.75%,0,0,0.40%,2021
BNP Paribas Funds (AEK802),BNP Paribas Funds Sustainable Multi-Asset Balanced (BRV083),BNP Paribas ASSET MANAGEMENT Luxembourg,12/13/2021,Offering Documents,No,0;0;0;0;0;0;0;0;0;11;0;0;0,AEK802,BRV083,BNP Paribas Funds Sustainable Multi-Asset Balanced,BNP Paribas Funds,3%,1.50%,0,1.30%,0,0,0.30%,2021
BNP Paribas Funds (AEK802),BNP Paribas Funds Sustainable Multi-Asset Growth (BRV084),BNP Paribas ASSET MANAGEMENT Luxembourg,12/13/2021,Offering Documents,No,0;0;0;0;0;0;0;0;0;11;0;0;0,AEK802,BRV084,BNP Paribas Funds Sustainable Multi-Asset Growth,BNP Paribas Funds,3%,1.50%,0,1.40%,0,0,0.30%,2021
BNY Mellon Global Funds plc (AGR102),BNY Mellon Global High Yield Bond Fund (BRX486),BNY Mellon Fund Management (Luxembourg) S.A.,3/17/2022,Offering Documents,No,0;0;0;0;0;0;0;0;0;11;0;0;0,AGR102,BRX486,BNY Mellon Global High Yield Bond Fund,BNY Mellon Global Funds plc,5%,5%,0,1.25%,0,0,0.60%,2022
BNY Mellon Global Funds plc (AGR102),BNY Mellon Global Infrastructure Income Fund (BNT740),BNY Mellon Fund Management (Luxembourg) S.A.,1/7/2019,Offering Documents,No,0;0;0;0;0;0;0;0;0;11;0;0;0,AGR102,BNT740,BNY Mellon Global Infrastructure Income Fund,BNY Mellon Global Funds plc,5%,5%,0,1.40%,0,0,0.60%,2019
BNY Mellon Global Funds plc (AGR102),BNY Mellon U.S. Municipal Infrastructure Debt Fund (BQF568),BNY Mellon Fund Management (Luxembourg) S.A.,2/3/2021,Offering Documents,No,0;0;0;0;0;0;0;0;0;11;0;0;0,AGR102,BQF568,BNY Mellon U.S. Municipal Infrastructure Debt Fund,BNY Mellon Global Funds plc,5%,5%,0,1.00%,0,0,0.60%,2021
BOCHK Wealth Creation Series (AYX421),BOCHK All Weather Asian High Yield Bond Fund (BPG265),BOCHK Asset Management Limited,3/13/2020,Offering Documents,No,0;0;0;0;0;0;0;0;0;0;0;0;0,AYX421,BPG265,BOCHK All Weather Asian High Yield Bond Fund,BOCHK Wealth Creation Series,3%,3%,0,1.25%,0.13%,0,0,2020
BOCHK Wealth Creation Series (AYX421),BOCHK All Weather China New Dynamic Equity Fund (BRV011),BOCHK Asset Management Limited,2/7/2022,Offering Documents,No,2;0;0;0;0;0;0;0;0;0;0;0;0,AYX421,BRV011,BOCHK All Weather China New Dynamic Equity Fund,BOCHK Wealth Creation Series,5.25%,5.25%,0,1.50%,0.13%,0,0,2022
BOCHK Wealth Creation Series (AYX421),BOCHK All Weather ESG Multi-Asset Fund (BQS212),BOCHK Asset Management Limited,4/16/2021,Offering Documents,No,2;0;0;0;0;0;0;0;0;0;0;0;0,AYX421,BQS212,BOCHK All Weather ESG Multi-Asset Fund,BOCHK Wealth Creation Series,5.25%,5.25%,0,1.50%,0.13%,0,0,2021
BOCHK Wealth Creation Series (AYX421),BOCHK All Weather Greater Bay Area Strategy Fund (BNX662),BOCHK Asset Management Limited,2/21/2019,Offering Documents,No,0;0;0;0;0;0;0;0;0;0;0;0;0,AYX421,BNX662,BOCHK All Weather Greater Bay Area Strategy Fund,BOCHK Wealth Creation Series,3%,3%,0,1%,0.13%,0,0,2019
BOCIP Asset Management Investment Funds (ATR244),BOCIP Flexi USD Bond Fund (BOS956),BOCI-Prudential Asset Management Limited,10/10/2019,Offering Documents,No,2;0;0;0;0;0;0;0;0;0;0;0;0,ATR244,BOS956,BOCIP Flexi USD Bond Fund,BOCIP Asset Management Investment Funds,0,0,0,0.75%,0.13%,0,0,2019
BOCIP Asset Management Investment Funds (ATR244),BOCIP Short Term HKD Money Market Fund (BQG552),BOCI-Prudential Asset Management Limited,1/4/2021,Offering Documents,No,0;0;4;0;0;0;0;0;0;0;0;0;0,ATR244,BQG552,BOCIP Short Term HKD Money Market Fund,BOCIP Asset Management Investment Funds,0,0,0,0.30%,0.08%,0,0,2021
BOC-Prudential Index Fund Series (AUX026),BOC-Prudential FTSE MPF China A Index Fund (BRN839),BOCI-Prudential Asset Management Limited,10/15/2021,Offering Documents,No,0;0;0;0;0;7;0;0;0;0;0;0;0,AUX026,BRN839,BOC-Prudential FTSE MPF China A Index Fund,BOC-Prudential Index Fund Series,0,0,5%,0,0,0,0,2021
BOC-Prudential Unit Trust Fund (AFH774),BOC-Prudential Hong Kong Stable Retirement Fund (BSM054),BOCI-Prudential Asset Management Limited,9/29/2022,Offering Documents,No,2;0;0;0;0;0;0;0;0;0;0;0;0,AFH774,BSM054,BOC-Prudential Hong Kong Stable Retirement Fund,BOC-Prudential Unit Trust Fund,0,0,0,0,0,0,0,2022
Bosera Global Public Funds Series Open-ended Fund Company (BRK534),Bosera Greater China Enhanced Return Bond Fund (BRR570),"Bosera Asset Management (International) Co., Limited",12/8/2021,Offering Documents,No,0;0;0;0;0;0;0;0;0;0;0;0;0,BRK534,BRR570,Bosera Greater China Enhanced Return Bond Fund,Bosera Global Public Funds Series Open-ended Fund Company,3%,1%,0,1.50%,0,0,0,2021
Bosera Global Public Funds Series Open-ended Fund Company (BRK534),Bosera USD Money Market Fund (BSG677),"Bosera Asset Management (International) Co., Limited",6/15/2022,Offering Documents,No,0;0;4;0;0;0;0;0;0;0;0;0;0,BRK534,BSG677,Bosera USD Money Market Fund,Bosera Global Public Funds Series Open-ended Fund Company,1%,1%,0,0.15%,0,0,0,2022
Bosera Global Public Funds Series Open-ended Fund Company (BRK534),Bosera Zeal Hong Kong Equity Plus Fund (BRK536),"Bosera Asset Management (International) Co., Limited",10/15/2021,Offering Documents,No,2;0;0;0;0;0;0;0;0;0;0;0;0,BRK534,BRK536,Bosera Zeal Hong Kong Equity Plus Fund,Bosera Global Public Funds Series Open-ended Fund Company,3%,1%,0,1.75%,0,15%,0,2021
BU Fund Series OFC (BPE927),BU APAC Bond Fund (BPE928),BEA Union Investment Management Limited,5/22/2020,Offering Documents,No,2;0;0;0;0;0;0;0;0;0;0;0;0,BPE927,BPE928,BU APAC Bond Fund,BU Fund Series OFC,5%,2%,2%,1%,0,0,0.04%,2020
BU Fund Series OFC (BPE927),BU Asian Bond Fixed Maturity Fund 2025 (BQM660),BEA Union Investment Management Limited,2/1/2021,Offering Documents,No,2;0;0;0;0;0;0;0;0;0;0;0;0,BPE927,BQM660,BU Asian Bond Fixed Maturity Fund 2025,BU Fund Series OFC,3%,0,0,0.70%,0,0,0.04%,2021
BU Investment Series OFC (BQK118),BU Asia Pacific Flexi Allocation Fund (BQK120),BEA Union Investment Management Limited,3/25/2021,Offering Documents,No,2;0;0;0;0;0;0;0;0;0;0;0;0,BQK118,BQK120,BU Asia Pacific Flexi Allocation Fund,BU Investment Series OFC,5%,2.00%,0.50%,1.50%,0,0,0.02%,2021
BU Investment Series OFC (BQK118),BU China Gateway Fund (BQK121),BEA Union Investment Management Limited,3/25/2021,Offering Documents,No,2;0;0;0;0;0;0;0;0;0;0;0;0,BQK118,BQK121,BU China Gateway Fund,BU Investment Series OFC,5%,2.00%,0.50%,1.50%,0,0,0.02%,2021
BU Investment Series OFC (BQK118),BU China Phoenix Fund (BQK122),BEA Union Investment Management Limited,3/25/2021,Offering Documents,No,2;0;0;0;0;0;0;0;0;0;0;0;0,BQK118,BQK122,BU China Phoenix Fund,BU Investment Series OFC,5%,2.00%,0.50%,1.75%,0,0,0.02%,2021
BU Investment Series OFC (BQK118),BU Global Flexi Allocation Fund (BQK123),BEA Union Investment Management Limited,3/25/2021,Offering Documents,No,2;0;0;0;0;0;0;0;0;0;0;0;0,BQK118,BQK123,BU Global Flexi Allocation Fund,BU Investment Series OFC,5%,2.00%,0.50%,1.50%,0,0,0.02%,2021
BU Investment Series OFC (BQK118),BU RMB Core Bond Fund (BQK124),BEA Union Investment Management Limited,3/25/2021,Offering Documents,No,2;0;0;0;0;0;0;0;0;0;0;0;0,BQK118,BQK124,BU RMB Core Bond Fund,BU Investment Series OFC,5%,2.00%,0.50%,1.00%,0,0,0.02%,2021
Capital International Fund (BGX053),Capital Group American Balanced Fund (LUX) (BSR977),Capital International Management Company,8/25/2022,Offering Documents,No,0;0;0;0;0;0;0;0;0;11;0;0;0,BGX053,BSR977,Capital Group American Balanced Fund (LUX),Capital International Fund,5.25%,5.25%,0,1.50%,0,0,0.15%,2022
Capital International Fund (BGX053),Capital Group Asian Horizon Fund (LUX) (BQP036),Capital International Management Company,2/18/2021,Offering DocumentsWaivers Granted,No,0;0;0;0;0;0;0;0;0;11;0;0;0,BGX053,BQP036,Capital Group Asian Horizon Fund (LUX),Capital International Fund,5.25%,5.25%,0,1.75%,0,0,0.15%,2021
Capital International Fund (BGX053),Capital Group European Opportunities (LUX) (BQP037),Capital International Management Company,2/18/2021,Offering DocumentsWaivers Granted,No,0;0;0;0;0;0;0;0;0;11;0;0;0,BGX053,BQP037,Capital Group European Opportunities (LUX),Capital International Fund,5.25%,5.25%,0,1.50%,0,0,0.15%,2021
Capital International Fund (BGX053),Capital Group New Economy Fund (Lux) (BOU467),Capital International Management Company,11/7/2019,Offering Documents,No,0;0;0;0;0;0;0;0;0;11;0;0;0,BGX053,BOU467,Capital Group New Economy Fund (Lux),Capital International Fund,5.25%,5.25%,0,0.43%,0,0,0.15%,2019
Capital International Fund (BGX053),Capital Group World Growth and Income (LUX) (BOH235),Capital International Management Company,6/14/2019,Offering Documents,No,0;0;0;0;0;0;0;0;0;11;0;0;0,BGX053,BOH235,Capital Group World Growth and Income (LUX),Capital International Fund,5.25%,5.25%,0,0.43%,0,0,0.15%,2019
Celsius Investment Funds SICAV (BSH884),Shiller US Sector Index Fund (BSH885),FundRock Management Company S.A.,9/21/2022,Offering Documents,No,0;0;0;0;0;7;0;0;0;11;0;0;0,BSH884,BSH885,Shiller US Sector Index Fund,Celsius Investment Funds SICAV,4%,2%,0,1.25%,0,0,0.15%,2022
CFund (BNJ536),CFund - Dynamic Income (BSE527),Pickers Capital Management Limited,4/8/2022,Offering Documents,No,0;0;0;0;0;0;0;0;0;0;0;0;0,BNJ536,BSE527,CFund - Dynamic Income,CFund,5%,5%,0,1.25%,0.15%,0,0,2022
China Life Franklin Global Fund (BPV896),Global Growth Fund (BRD778),"China Life Franklin Asset Management Co., Limited",7/7/2021,Offering Documents,No,0;0;0;0;0;0;0;0;0;0;0;0;0,BPV896,BRD778,Global Growth Fund,China Life Franklin Global Fund,5%,0,0,1.50%,0.50%,0,0,2021
China Life Franklin Global Fund (BPV896),Select High Yield Bond Fund (BRD779),"China Life Franklin Asset Management Co., Limited",7/7/2021,Offering Documents,No,0;0;0;0;0;0;0;0;0;0;0;0;0,BPV896,BRD779,Select High Yield Bond Fund,China Life Franklin Global Fund,5%,0,0,1%,0.50%,0,0,2021
China Life Franklin Global Fund (BPV896),Short Term Bond Fund (BPV897),"China Life Franklin Asset Management Co., Limited",10/16/2020,Offering Documents,No,0;0;0;0;0;0;0;0;0;0;0;0;0,BPV896,BPV897,Short Term Bond Fund,China Life Franklin Global Fund,3%,0,0,0.40%,0.50%,0,0,2020
ChinaAMC Select Fund (AVL899),ChinaAMC Select Flexible Cycle Income Fund (BSX517),China Asset Management (Hong Kong) Limited,10/17/2022,Offering Documents,No,2;0;0;0;0;0;0;0;0;0;0;0;0,AVL899,BSX517,ChinaAMC Select Flexible Cycle Income Fund,ChinaAMC Select Fund,5%,1%,0,0.30%,0.50%,0,0,2022
CICC Fund Series (BNL441),CICC China Equity Fund (BSQ366),China International Capital Corporation Hong Kong Asset Management Limited,7/20/2022,Offering Documents,No,2;0;0;0;0;0;0;0;0;0;0;0;0,BNL441,BSQ366,CICC China Equity Fund,CICC Fund Series,5%,0,0,1.25%,1%,0,0,2022
CICC Fund Series (BNL441),CICC Hong Kong Equity Fund (BPL776),China International Capital Corporation Hong Kong Asset Management Limited,4/28/2020,Offering Documents,No,2;0;0;0;0;0;0;0;0;0;0;0;0,BNL441,BPL776,CICC Hong Kong Equity Fund,CICC Fund Series,5%,0,0,1.25%,1%,0,0,2020
CISI Selection Fund Series (BOG455),China Core Asset Fund (BOG456),China Industrial Securities International Asset Management Limited,6/24/2019,Offering Documents,No,0;0;0;0;0;0;0;0;0;0;0;0;0,BOG455,BOG456,China Core Asset Fund,CISI Selection Fund Series,5%,0,0,1.20%,0.15%,0,0,2019
CMBC Aggregate Fund (BPM389),CMBC Aggregate Greater China Select Bond Fund (BPM390),CMBC Asset Management Company Limited,7/27/2020,Offering Documents,No,0;0;0;0;0;0;0;0;0;0;0;0;0,BPM389,BPM390,CMBC Aggregate Greater China Select Bond Fund,CMBC Aggregate Fund,3%,2%,0,0.80%,0.08%,20%,0,2020
CMBC Aggregate Fund (BPM389),CMBC Aggregate Greater China Strategy Fund (BRK074),CMBC Asset Management Company Limited,9/15/2021,Offering Documents,No,2;0;0;0;0;0;0;0;0;0;0;0;0,BPM389,BRK074,CMBC Aggregate Greater China Strategy Fund,CMBC Aggregate Fund,3%,2%,0,1.20%,0.08%,20%,0,2021
DCI Investment Trust (AWD544),Da Cheng Hong Kong Dollar Money Market Fund (BOW465),Da Cheng International Asset Management Company Limited,11/5/2019,Offering Documents,No,0;0;4;0;0;0;0;0;0;0;0;0;0,AWD544,BOW465,Da Cheng Hong Kong Dollar Money Market Fund,DCI Investment Trust,3%,0,0,0.10%,0.08%,0,0,2019
DCI Investment Trust (AWD544),Da Cheng Money Market Fund (BNV600),Da Cheng International Asset Management Company Limited,1/21/2019,Offering Documents,No,0;0;4;0;0;0;0;0;0;0;0;0;0,AWD544,BNV600,Da Cheng Money Market Fund,DCI Investment Trust,3%,0,0,0.10%,0.08%,0,0,2019
DCI Investment Trust (AWD544),Da Cheng Short Term Bond Fund (BQD056),Da Cheng International Asset Management Company Limited,12/16/2020,Offering Documents,No,2;0;0;0;0;0;0;0;0;0;0;0;0,AWD544,BQD056,Da Cheng Short Term Bond Fund,DCI Investment Trust,0,0,0,0.80%,0.15%,0,0,2020
E Fund SICAV (BRR528),E Fund (HK) Greater China Quality Growth Fund (BRR529),LEMANIK ASSET MANAGEMENT S.A.,2/17/2022,Offering Documents,No,0;0;0;0;0;0;0;0;0;11;0;0;0,BRR528,BRR529,E Fund (HK) Greater China Quality Growth Fund,E Fund SICAV,5%,1%,2%,0.05%,0,0,0.04%,2022
E Fund Unit Trust Fund (BJK347),E Fund (HK) Asia Bond Fund (BPN158),"E Fund Management (Hong Kong) Co., Limited",6/23/2020,Offering Documents,No,2;0;0;0;0;0;0;0;0;0;0;0;0,BJK347,BPN158,E Fund (HK) Asia Bond Fund,E Fund Unit Trust Fund,3%,0,0,3%,0.08%,0,0,2020
Eastspring Investments (APD368),Eastspring Investments - Asia Real Estate Multi Asset Income Fund (BPC082),Eastspring Investments (Luxembourg) S.A.,1/9/2020,Offering Documents,No,0;0;0;0;0;0;0;0;0;11;0;0;0,APD368,BPC082,Eastspring Investments - Asia Real Estate Multi Asset Income Fund,Eastspring Investments,5%,0,0,1.20%,0,0,0,2020
Eastspring Investments (APD368),Eastspring Investments - Asia Sustainable Bond Fund (BRH008),Eastspring Investments (Luxembourg) S.A.,7/27/2021,Offering Documents,No,0;0;0;0;0;0;0;0;0;11;0;0;0,APD368,BRH008,Eastspring Investments - Asia Sustainable Bond Fund,Eastspring Investments,3%,0,0,1.00%,0,0,0,2021
Eastspring Investments (APD368),Eastspring Investments - Asian Total Return Bond Fund (BSU222),Eastspring Investments (Luxembourg) S.A.,9/20/2022,Offering Documents,No,0;0;0;0;0;0;0;0;0;11;0;0;0,APD368,BSU222,Eastspring Investments - Asian Total Return Bond Fund,Eastspring Investments,3%,0,0,1.00%,0,0,0,2022
Eastspring Investments (APD368),Eastspring Investments - Capital Reserve Fund (BPY710),Eastspring Investments (Luxembourg) S.A.,11/13/2020,Offering Documents,No,0;0;0;0;0;0;0;0;0;11;0;0;0,APD368,BPY710,Eastspring Investments - Capital Reserve Fund,Eastspring Investments,3%,0,0,0.50%,0,0,0,2020
Eastspring Investments (APD368),Eastspring Investments - China A Shares Growth Fund (BQW529),Eastspring Investments (Luxembourg) S.A.,7/12/2021,Offering Documents,No,0;0;0;0;0;0;0;0;0;11;0;0;0,APD368,BQW529,Eastspring Investments - China A Shares Growth Fund,Eastspring Investments,5%,0,0,1.50%,0,0,0,2021
Eastspring Investments (APD368),Eastspring Investments - China Bond Fund (BRV896),Eastspring Investments (Luxembourg) S.A.,2/11/2022,Offering Documents,No,0;0;0;0;0;0;0;0;0;11;0;0;0,APD368,BRV896,Eastspring Investments - China Bond Fund,Eastspring Investments,3%,0,0,0.80%,0,0,0,2022
Eastspring Investments (APD368),Eastspring Investments - Global Low Volatility Equity Fund (BSX598),Eastspring Investments (Luxembourg) S.A.,11/1/2022,Offering Documents,No,0;0;0;0;0;0;0;0;0;11;0;0;0,APD368,BSX598,Eastspring Investments - Global Low Volatility Equity Fund,Eastspring Investments,5%,0,0,1.00%,0,0,0,2022
Fidelity Advantage Portfolio Fund (ACO449),Fidelity Advantage Portfolio Fund - World Equity Index Fund (BOH904),FIL Investment Management (Hong Kong) Limited,8/8/2019,Offering Documents,No,2;0;0;0;0;0;0;0;0;0;0;0;0,ACO449,BOH904,Fidelity Advantage Portfolio Fund - World Equity Index Fund,Fidelity Advantage Portfolio Fund,5.00%,5.00%,0,0.35%,0.07%,0,5.00%,2019
Fidelity Advantage Portfolio Fund (ACO449),Fidelity Advantage Portfolio Fund - World Government Bond Index Fund (BOH905),FIL Investment Management (Hong Kong) Limited,8/8/2019,Offering Documents,No,2;0;0;0;0;0;0;0;0;0;0;0;0,ACO449,BOH905,Fidelity Advantage Portfolio Fund - World Government Bond Index Fund,Fidelity Advantage Portfolio Fund,5.00%,5.00%,0,0.35%,0.07%,0,5.00%,2019
Fidelity Funds (AAV264),Fidelity Funds - China RMB Bond Fund (BRG453),FIL Investment Management (Luxembourg) S.A.,8/2/2021,Offering Documents,No,0;0;0;0;0;0;0;0;0;11;0;0;0,AAV264,BRG453,Fidelity Funds - China RMB Bond Fund,Fidelity Funds,3.50%,1%,0,0.75%,0,0,0.35%,2021
Fidelity Funds (AAV264),Fidelity Funds - Sustainable Eurozone Equity Fund (BQC281),FIL Investment Management (Luxembourg) S.A.,12/11/2020,Offering Documents,No,0;0;0;0;0;0;0;0;0;11;0;0;0,AAV264,BQC281,Fidelity Funds - Sustainable Eurozone Equity Fund,Fidelity Funds,5.25%,1%,0,1.50%,0,0,0.35%,2020
Fidelity Funds (AAV264),Fidelity Funds - Sustainable Water & Waste Fund (BQC282),FIL Investment Management (Luxembourg) S.A.,12/11/2020,Offering Documents,No,0;0;0;0;0;0;0;0;0;11;0;0;0,AAV264,BQC282,Fidelity Funds - Sustainable Water & Waste Fund,Fidelity Funds,5.25%,1%,0,1.50%,0,0,0.35%,2020
Fidelity Funds (AAV264),Fidelity Funds - UK Special Situations Fund (BQC283),FIL Investment Management (Luxembourg) S.A.,12/11/2020,Offering Documents,No,0;0;0;0;0;0;0;0;0;11;0;0;0,AAV264,BQC283,Fidelity Funds - UK Special Situations Fund,Fidelity Funds,5.25%,1%,0,1.50%,0,0,0.35%,2020
Fidelity Global Investment Fund (AFH923),Fidelity Global Investment Fund - Global Corporate Bond Fund (BRE073),FIL Investment Management (Hong Kong) Limited,10/5/2021,Offering Documents,No,2;0;0;0;0;0;0;0;0;0;0;0;0,AFH923,BRE073,Fidelity Global Investment Fund - Global Corporate Bond Fund,Fidelity Global Investment Fund,0,5%,0,0,0.10%,0,0,2021
Fidelity Global Investment Fund (AFH923),Fidelity Global Investment Fund - RetireEasy Fund (BRE072),FIL Investment Management (Hong Kong) Limited,10/5/2021,Offering Documents,No,2;0;0;0;0;0;0;0;0;0;0;0;0,AFH923,BRE072,Fidelity Global Investment Fund - RetireEasy Fund,Fidelity Global Investment Fund,0,5%,0,0,0.10%,0,0,2021
Fidelity Selected Funds (BSG286),Short Duration Quality Income Fund (BSG287),FIL Investment Management (Hong Kong) Limited,7/13/2022,Offering Documents,No,0;0;0;0;0;0;0;0;0;0;0;0;0,BSG286,BSG287,Short Duration Quality Income Fund,Fidelity Selected Funds,0,3.50%,0,0.02%,0.02%,0,0.02%,2022
First Sentier Investors Global Umbrella Fund plc (AER758),First Sentier Multi-Asset Growth and Income Fund (BPW746),Board of Director - First Sentier Investors Global Umbrella Fund plc,9/23/2020,Offering Documents,No,0;0;0;0;0;0;0;0;0;11;0;0;0,AER758,BPW746,First Sentier Multi-Asset Growth and Income Fund,First Sentier Investors Global Umbrella Fund plc,5%,1%,0,3%,0,0,0.03%,2020
First Sentier Investors Global Umbrella Fund plc (AER758),FSSA China A Shares Fund (BOM787),Board of Director - First Sentier Investors Global Umbrella Fund plc,10/11/2019,Offering Documents,No,0;0;0;0;0;0;0;0;0;11;0;0;0,AER758,BOM787,FSSA China A Shares Fund,First Sentier Investors Global Umbrella Fund plc,5%,1%,0,3%,0,0,0.03%,2019
First Sentier Investors Global Umbrella Fund plc (AER758),FSSA Global Emerging Markets Focus Fund (BOM788),Board of Director - First Sentier Investors Global Umbrella Fund plc,10/11/2019,Offering Documents,No,0;0;0;0;0;0;0;0;0;11;0;0;0,AER758,BOM788,FSSA Global Emerging Markets Focus Fund,First Sentier Investors Global Umbrella Fund plc,5%,1%,0,3%,0,0,0.03%,2019
First Sentier Investors Global Umbrella Fund plc (AER758),Stewart Investors Asia Pacific Leaders Sustainability Fund (BRS702),Board of Director - First Sentier Investors Global Umbrella Fund plc,12/10/2021,Offering Documents,No,0;0;0;0;0;0;0;0;0;11;0;0;0,AER758,BRS702,Stewart Investors Asia Pacific Leaders Sustainability Fund,First Sentier Investors Global Umbrella Fund plc,5%,1%,0,3%,0,0,0.03%,2021
First Sentier Investors Global Umbrella Fund plc (AER758),Stewart Investors Asia Pacific Sustainability Fund (BRS704),Board of Director - First Sentier Investors Global Umbrella Fund plc,12/10/2021,Offering Documents,No,0;0;0;0;0;0;0;0;0;11;0;0;0,AER758,BRS704,Stewart Investors Asia Pacific Sustainability Fund,First Sentier Investors Global Umbrella Fund plc,5%,1%,0,3%,0,0,0.03%,2021
First Sentier Investors Global Umbrella Fund plc (AER758),Stewart Investors Global Emerging Markets Sustainability Fund (BRS703),Board of Director - First Sentier Investors Global Umbrella Fund plc,12/10/2021,Offering Documents,No,0;0;0;0;0;0;0;0;0;11;0;0;0,AER758,BRS703,Stewart Investors Global Emerging Markets Sustainability Fund,First Sentier Investors Global Umbrella Fund plc,5%,1%,0,3%,0,0,0.03%,2021
Foundation Fund Series (BNC674),Foundation Global Income and Growth Fund (BPD431),Foundation Asset Management (HK) Limited,1/2/2020,Offering Documents,No,2;0;0;0;0;0;0;0;0;0;0;0;0,BNC674,BPD431,Foundation Global Income and Growth Fund,Foundation Fund Series,5%,1%,0,1.50%,0.13%,0,0,2020
Franklin Templeton Asia Fund Series (BFS532),Franklin Select APAC Quality Income Fund (BQN311),Franklin Templeton Investments (Asia) Limited,3/11/2021,Offering Documents,No,2;0;0;0;0;0;0;0;0;0;0;0;0,BFS532,BQN311,Franklin Select APAC Quality Income Fund,Franklin Templeton Asia Fund Series,5.00%,1.00%,0,0.70%,0.04%,0,0.20%,2021
Franklin Templeton Asia Fund Series (BFS532),Franklin Templeton Select APAC Income Fund (BQN314),Franklin Templeton Investments (Asia) Limited,3/11/2021,Offering Documents,No,2;0;0;0;0;0;0;0;0;0;0;0;0,BFS532,BQN314,Franklin Templeton Select APAC Income Fund,Franklin Templeton Asia Fund Series,5.00%,1.00%,0,1.00%,0.04%,0,0.20%,2021
Franklin Templeton Asia Fund Series (BFS532),Templeton Select APAC Equity Income Fund (BQN312),Franklin Templeton Investments (Asia) Limited,3/11/2021,Offering Documents,No,2;0;0;0;0;0;0;0;0;0;0;0;0,BFS532,BQN312,Templeton Select APAC Equity Income Fund,Franklin Templeton Asia Fund Series,5.00%,1.00%,0,1.00%,0.04%,0,0.20%,2021
Franklin Templeton Investment Funds (ACG318),Franklin Global Income Fund (BPW981),Franklin Templeton International Services S.a.r.l.,9/22/2020,Offering Documents,No,0;0;0;0;0;0;0;0;0;11;0;0;0,ACG318,BPW981,Franklin Global Income Fund,Franklin Templeton Investment Funds,5.00%,1.00%,0,1.35%,0,0,0,2020
Franklin Templeton Investment Funds (ACG318),Franklin Innovation Fund (BPB691),Franklin Templeton International Services S.a.r.l.,12/20/2019,Offering Documents,No,0;0;0;0;0;0;0;0;0;11;0;0;0,ACG318,BPB691,Franklin Innovation Fund,Franklin Templeton Investment Funds,5.00%,1.00%,0,1.50%,0,0,0,2019
Franklin Templeton Investment Funds (ACG318),Templeton China A-Shares Fund (BRS929),Franklin Templeton International Services S.a.r.l.,12/13/2021,Offering Documents,No,0;0;0;0;0;0;0;0;0;11;0;0;0,ACG318,BRS929,Templeton China A-Shares Fund,Franklin Templeton Investment Funds,5.00%,1.00%,0,1.65%,0,0,0,2021
Franklin Templeton Investment Funds (ACG318),Templeton Global Total Return II Fund (BPW982),Franklin Templeton International Services S.a.r.l.,9/22/2020,Offering Documents,No,0;0;0;0;0;0;0;0;0;11;0;0;0,ACG318,BPW982,Templeton Global Total Return II Fund,Franklin Templeton Investment Funds,5.00%,1.00%,0,1.05%,0,0,0,2020
Fullgoal International Funds SICAV (BNY661),Fullgoal China Equity Fund (BRS921),LEMANIK ASSET MANAGEMENT S.A.,3/16/2022,Offering Documents,No,0;0;0;0;0;0;0;0;0;11;0;0;0,BNY661,BRS921,Fullgoal China Equity Fund,Fullgoal International Funds SICAV,5%,0,0,1.80%,0,0,0.04%,2022
Fullgoal International Funds SICAV (BNY661),Fullgoal China Small-Mid Cap Growth Fund (BNY686),LEMANIK ASSET MANAGEMENT S.A.,6/21/2019,Offering Documents,No,0;0;0;0;0;0;0;0;0;11;0;0;0,BNY661,BNY686,Fullgoal China Small-Mid Cap Growth Fund,Fullgoal International Funds SICAV,5%,0,0,1.80%,0,0,0.04%,2019
GaoTeng Advance (BPX516),GaoTeng Emerging Market Fixed Income Fund (BPX517),GaoTeng Global Asset Management Limited,11/20/2020,Offering Documents,No,2;0;0;0;0;0;0;0;0;0;0;0;0,BPX516,BPX517,GaoTeng Emerging Market Fixed Income Fund,GaoTeng Advance,3%,1%,1%,1.20%,0.15%,0,0,2020
GaoTeng WeFund (BND024),GaoTeng Greater China Select Bond Fund (BQF106),GaoTeng Global Asset Management Limited,12/10/2020,Offering Documents,No,2;0;0;0;0;0;0;0;0;0;0;0;0,BND024,BQF106,GaoTeng Greater China Select Bond Fund,GaoTeng WeFund,3%,1%,1%,1.25%,0.09%,0,0,2020
GaoTeng WeFund (BND024),GaoTeng WeIncome Low Volatility Short Duration Fund (BOE613),GaoTeng Global Asset Management Limited,5/27/2019,Offering Documents,No,0;0;0;0;0;0;0;0;0;0;0;0;0,BND024,BOE613,GaoTeng WeIncome Low Volatility Short Duration Fund,GaoTeng WeFund,0,0,0,1.40%,0.06%,0,0,2019
GaoTeng WeFund (BND024),GaoTeng WeInvest Money Market Fund (BNW892),GaoTeng Global Asset Management Limited,2/13/2019,Offering Documents,No,0;0;4;0;0;0;0;0;0;0;0;0;0,BND024,BNW892,GaoTeng WeInvest Money Market Fund,GaoTeng WeFund,3%,0,1%,0.30%,0.04%,0,0,2019
GaoTeng WeFund (BND024),GaoTeng WeValue USD Money Market Fund (BPJ877),GaoTeng Global Asset Management Limited,4/23/2020,Offering Documents,No,0;0;4;0;0;0;0;0;0;0;0;0;0,BND024,BPJ877,GaoTeng WeValue USD Money Market Fund,GaoTeng WeFund,3%,0,1%,0.20%,0.04%,0,0,2020
GFI Unit Trust Series (BNR582),GFI Income Fund (BPC697),GF International Investment Management Limited,3/2/2020,Offering Documents,No,0;0;0;0;0;0;0;0;0;0;0;0;0,BNR582,BPC697,GFI Income Fund,GFI Unit Trust Series,0,0,0,0,0,0,0,2020
Goldman Sachs Funds (BMX642),Goldman Sachs All China Equity Portfolio (BRZ973),Goldman Sachs Asset Management Fund Services Limited,4/6/2022,Offering Documents,No,0;0;0;0;0;0;0;0;0;11;0;0;0,BMX642,BRZ973,Goldman Sachs All China Equity Portfolio,Goldman Sachs Funds,5.50%,0,0,0,0,0,0,2022
Goldman Sachs Funds (BMX642),Goldman Sachs Asia High Yield Bond Portfolio (BQO773),Goldman Sachs Asset Management Fund Services Limited,3/9/2021,Offering Documents,No,0;0;0;0;0;0;0;0;0;11;0;0;0,BMX642,BQO773,Goldman Sachs Asia High Yield Bond Portfolio,Goldman Sachs Funds,5.50%,0,0,0,0,0,0.19%,2021
Goldman Sachs Funds (BMX642),Goldman Sachs Global Future Health Care Equity Portfolio (BQO774),Goldman Sachs Asset Management Fund Services Limited,3/9/2021,Offering Documents,No,0;0;0;0;0;0;0;0;0;11;0;0;0,BMX642,BQO774,Goldman Sachs Global Future Health Care Equity Portfolio,Goldman Sachs Funds,5.50%,0,0,1.50%,0,0,0,2021
Goldman Sachs Funds (BMX642),Goldman Sachs Global Future Technology Leaders Equity Portfolio (BQO775),Goldman Sachs Asset Management Fund Services Limited,3/9/2021,Offering Documents,No,0;0;0;0;0;0;0;0;0;11;0;0;0,BMX642,BQO775,Goldman Sachs Global Future Technology Leaders Equity Portfolio,Goldman Sachs Funds,5.50%,0,0,0,0,0,0.15%,2021
Goldman Sachs Funds (BMX642),Goldman Sachs Global Millennials Equity Portfolio (BPK049),Goldman Sachs Asset Management Fund Services Limited,5/20/2020,Offering Documents,No,0;0;0;0;0;0;0;0;0;11;0;0;0,BMX642,BPK049,Goldman Sachs Global Millennials Equity Portfolio,Goldman Sachs Funds,5.50%,0,0,1.50%,0,0,0.15%,2020
Goldman Sachs Funds (BMX642),Goldman Sachs Global Multi-Asset Income Portfolio (BPK050),Goldman Sachs Asset Management Fund Services Limited,5/20/2020,Offering Documents,No,0;0;0;0;0;0;0;0;0;11;0;0;0,BMX642,BPK050,Goldman Sachs Global Multi-Asset Income Portfolio,Goldman Sachs Funds,5.50%,0,0,5.50%,0,0,0.24%,2020
Goldman Sachs Funds (BMX642),Goldman Sachs India Equity Portfolio (BRZ974),Goldman Sachs Asset Management Fund Services Limited,4/6/2022,Offering Documents,No,0;0;0;0;0;0;0;0;0;11;0;0;0,BMX642,BRZ974,Goldman Sachs India Equity Portfolio,Goldman Sachs Funds,5.50%,0,0,1.75%,0,0,0,2022
Goldman Sachs Funds (BMX642),Goldman Sachs US CORE Equity Portfolio (BPK051),Goldman Sachs Asset Management Fund Services Limited,5/20/2020,Offering Documents,No,0;0;0;0;0;0;0;0;0;11;0;0;0,BMX642,BPK051,Goldman Sachs US CORE Equity Portfolio,Goldman Sachs Funds,5.50%,0,0,1.00%,0,0,0.15%,2020
Hang Seng Investment Series (AEO342),Hang Seng China New Economy Index Fund (BNR605),Hang Seng Investment Management Limited,1/17/2019,Offering Documents,No,0;0;0;0;0;7;0;0;0;0;0;0;0,AEO342,BNR605,Hang Seng China New Economy Index Fund,Hang Seng Investment Series,3.00%,2.00%,0,0.55%,0.05%,0,0,2019
Hang Seng Investment Series (AEO342),Hang Seng Global Bond Fixed Maturity Fund 2022 - II (BOW655),Hang Seng Investment Management Limited,12/12/2019,Offering Documents,No,2;0;0;0;0;0;0;0;0;0;0;0;0,AEO342,BOW655,Hang Seng Global Bond Fixed Maturity Fund 2022 - II,Hang Seng Investment Series,3.00%,0,0,0.40%,0.05%,0,0,2019
Hang Seng Investment Series (AEO342),Hang Seng Ping An Asian Income Fund (BPQ151),Hang Seng Investment Management Limited,7/29/2020,Offering Documents,No,2;0;0;0;0;0;0;0;0;0;0;0;0,AEO342,BPQ151,Hang Seng Ping An Asian Income Fund,Hang Seng Investment Series,2.00%,0,0,1.50%,0,0,0,2020
Harvest Funds (Hong Kong) (AVM265),Harvest HKD Money Market Fund (BOM656),Harvest Global Investments Limited,10/11/2019,Offering Documents,No,0;0;4;0;0;0;0;0;0;0;0;0;0,AVM265,BOM656,Harvest HKD Money Market Fund,Harvest Funds (Hong Kong),5%,1%,0,0.10%,0.08%,0,0,2019
HSBC Collective Investment Trust (BBR113),HSBC Evolving Asia Equity Fund (BQC507),HSBC Investment Funds (Hong Kong) Limited,11/5/2020,Offering Documents,No,2;0;0;0;0;0;0;0;0;0;0;0;0,BBR113,BQC507,HSBC Evolving Asia Equity Fund,HSBC Collective Investment Trust,4.50%,1.00%,0,1.50%,0.07%,0,0,2020
HSBC Collective Investment Trust (BBR113),HSBC Global Sustainable Multi-Asset Income Fund (BRF681),HSBC Investment Funds (Hong Kong) Limited,7/19/2021,Offering Documents,No,2;0;0;0;0;0;0;0;0;0;0;0;0,BBR113,BRF681,HSBC Global Sustainable Multi-Asset Income Fund,HSBC Collective Investment Trust,3.00%,1.00%,0,1.25%,0.07%,0,0,2021
HSBC Global Funds ICAV (BNY711),HSBC Global Funds ICAV - China Government Local Bond Index Fund (BOW810),HSBC Investment Funds (Luxembourg) S.A.,11/29/2019,Offering Documents,No,0;0;0;0;0;7;0;0;0;11;0;0;0,BNY711,BOW810,HSBC Global Funds ICAV - China Government Local Bond Index Fund,HSBC Global Funds ICAV,0,0,0,0,0,0,0,2019
HSBC Global Funds ICAV (BNY711),HSBC Global Funds ICAV - Global Aggregate Bond Index Fund (BNY712),HSBC Investment Funds (Luxembourg) S.A.,6/6/2019,Offering Documents,No,0;0;0;0;0;7;0;0;0;11;0;0;0,BNY711,BNY712,HSBC Global Funds ICAV - Global Aggregate Bond Index Fund,HSBC Global Funds ICAV,0,0,0,0,0,0,0,2019
HSBC Global Funds ICAV (BNY711),HSBC Global Funds ICAV - Global Corporate Bond Index Fund (BNY714),HSBC Investment Funds (Luxembourg) S.A.,6/6/2019,Offering Documents,No,0;0;0;0;0;7;0;0;0;11;0;0;0,BNY711,BNY714,HSBC Global Funds ICAV - Global Corporate Bond Index Fund,HSBC Global Funds ICAV,0,0,0,0,0,0,0,2019
HSBC Global Funds ICAV (BNY711),HSBC Global Funds ICAV - Global Emerging Market Government Bond Index Fund (BOW811),HSBC Investment Funds (Luxembourg) S.A.,11/29/2019,Offering Documents,No,0;0;0;0;0;7;0;0;0;11;0;0;0,BNY711,BOW811,HSBC Global Funds ICAV - Global Emerging Market Government Bond Index Fund,HSBC Global Funds ICAV,0,0,0,0,0,0,0,2019
HSBC Global Funds ICAV (BNY711),HSBC Global Funds ICAV - Global Equity Index Fund (BNY715),HSBC Investment Funds (Luxembourg) S.A.,6/6/2019,Offering Documents,No,0;0;0;0;0;7;0;0;0;11;0;0;0,BNY711,BNY715,HSBC Global Funds ICAV - Global Equity Index Fund,HSBC Global Funds ICAV,0,0,0,0,0,0,0,2019
HSBC Global Funds ICAV (BNY711),HSBC Global Funds ICAV - Global Government Bond Index Fund (BNY713),HSBC Investment Funds (Luxembourg) S.A.,6/6/2019,Offering Documents,No,0;0;0;0;0;7;0;0;0;11;0;0;0,BNY711,BNY713,HSBC Global Funds ICAV - Global Government Bond Index Fund,HSBC Global Funds ICAV,0,0,0,0,0,0,0,2019
HSBC Global Funds ICAV (BNY711),HSBC Global Funds ICAV - US Equity Index Fund (BNY716),HSBC Investment Funds (Luxembourg) S.A.,6/6/2019,Offering Documents,No,0;0;0;0;0;7;0;0;0;11;0;0;0,BNY711,BNY716,HSBC Global Funds ICAV - US Equity Index Fund,HSBC Global Funds ICAV,0,0,0,0,0,0,0,2019
HSBC Global Investment Funds (AAU032),HSBC Global Investment Funds - Global Equity Sustainable Healthcare (BRJ482),HSBC Investment Funds (Luxembourg) S.A.,12/22/2021,Offering Documents,No,0;0;0;0;0;0;0;0;0;11;0;0;0,AAU032,BRJ482,HSBC Global Investment Funds - Global Equity Sustainable Healthcare,HSBC Global Investment Funds,0,0,0,0,0,0,0,2021
HSBC Global Investment Funds (AAU032),HSBC Global Investment Funds - Ultra Short Duration Bond (BRE374),HSBC Investment Funds (Luxembourg) S.A.,7/16/2021,Offering Documents,No,0;0;0;0;0;0;0;0;0;11;0;0;0,AAU032,BRE374,HSBC Global Investment Funds - Ultra Short Duration Bond,HSBC Global Investment Funds,3.00%,1%,0,0.30%,0,0,0.15%,2021
HSBC Global Investment Funds (AAU032),HSBC Global Investment Funds - US High Yield Bond (BOH292),HSBC Investment Funds (Luxembourg) S.A.,8/27/2019,Offering Documents,No,0;0;0;0;0;0;0;0;0;11;0;0;0,AAU032,BOH292,HSBC Global Investment Funds - US High Yield Bond,HSBC Global Investment Funds,0,0,0,0,0,0,0,2019
HSBC Global Investment Funds (AAU032),HSBC Global Investment Funds - US Income Focused (BPC317),HSBC Investment Funds (Luxembourg) S.A.,12/23/2019,Offering Documents,No,0;0;0;0;0;0;0;0;0;11;0;0;0,AAU032,BPC317,HSBC Global Investment Funds - US Income Focused,HSBC Global Investment Funds,0,0,0,0,0,0,0,2019
HSBC Global Money Funds (AAW227),HSBC Global Money Funds - Renminbi (BSH331),HSBC Investment Funds (Hong Kong) Limited,5/27/2022,Offering Documents,No,0;0;4;0;0;0;0;0;0;0;0;0;0,AAW227,BSH331,HSBC Global Money Funds - Renminbi,HSBC Global Money Funds,0%,0,0,0.30%,0.03%,0,0,2022
HuaAn Investment Fund OFC (BSJ880),HuaAn Investment Grade Bond Fund (BSJ881),HuaAn Asset Management (Hong Kong) Limited,8/22/2022,Offering Documents,No,2;0;0;0;0;0;0;0;0;0;0;0;0,BSJ880,BSJ881,HuaAn Investment Grade Bond Fund,HuaAn Investment Fund OFC,2%,0,0,0.40%,0,0,0.07%,2022
Invesco Funds (AAV714),Invesco Asian Investment Grade Bond Fund (BQW030),INVESCO Management S.A.,5/20/2021,Offering Documents,No,0;0;0;0;0;0;0;0;0;11;0;0;0,AAV714,BQW030,Invesco Asian Investment Grade Bond Fund,Invesco Funds,0,1.00%,0,0.01%,0,0,0,2021
Invesco Funds (AAV714),Invesco China A-Share Quant Equity Fund (BRW067),INVESCO Management S.A.,1/14/2022,Offering Documents,No,0;0;0;0;0;0;0;0;0;11;0;0;0,AAV714,BRW067,Invesco China A-Share Quant Equity Fund,Invesco Funds,0,1.00%,0,1.00%,0,0,0,2022
Invesco Funds (AAV714),Invesco China Health Care Equity Fund (BQW031),INVESCO Management S.A.,5/20/2021,Offering Documents,No,0;0;0;0;0;0;0;0;0;11;0;0;0,AAV714,BQW031,Invesco China Health Care Equity Fund,Invesco Funds,0,1.00%,0,0.01%,0,0,0,2021
Invesco Funds (AAV714),Invesco Global Investment Grade Corporate Bond Fund (BPK715),INVESCO Management S.A.,4/21/2020,Offering Documents,No,0;0;0;0;0;0;0;0;0;11;0;0;0,AAV714,BPK715,Invesco Global Investment Grade Corporate Bond Fund,Invesco Funds,0,1.00%,0,0.01%,0,0,0,2020
Invesco Trust Series (BFA964),Invesco Asia Asset Allocation Feeder Fund (BSE863),Invesco Hong Kong Limited (trading as Invesco Asia Pacific),5/6/2022,Offering Documents,No,0;0;0;0;0;0;0;0;0;0;0;0;0,BFA964,BSE863,Invesco Asia Asset Allocation Feeder Fund,Invesco Trust Series,5%,1%,0,0.00%,0,0,0,2022
Invesco Trust Series (BFA964),Invesco Asian Bond Fixed Maturity Fund 2021 - I (BPN018),Invesco Hong Kong Limited (trading as Invesco Asia Pacific),6/24/2020,Offering Documents,No,2;0;0;0;0;0;0;0;0;0;0;0;0,BFA964,BPN018,Invesco Asian Bond Fixed Maturity Fund 2021 - I,Invesco Trust Series,3%,1%,0,0.60%,0.03%,0,0.03%,2020
Invesco Trust Series (BFA964),Invesco Asian Bond Fixed Maturity Fund 2021 - II (BPN019),Invesco Hong Kong Limited (trading as Invesco Asia Pacific),6/24/2020,Offering Documents,No,2;0;0;0;0;0;0;0;0;0;0;0;0,BFA964,BPN019,Invesco Asian Bond Fixed Maturity Fund 2021 - II,Invesco Trust Series,3%,1%,0,0.60%,0.03%,0,0.03%,2020
Invesco Trust Series (BFA964),Invesco Asian Bond Fixed Maturity Fund 2021 - III (BPN020),Invesco Hong Kong Limited (trading as Invesco Asia Pacific),6/24/2020,Offering Documents,No,2;0;0;0;0;0;0;0;0;0;0;0;0,BFA964,BPN020,Invesco Asian Bond Fixed Maturity Fund 2021 - III,Invesco Trust Series,3%,1%,0,0.60%,0.03%,0,0.03%,2020
Invesco Trust Series (BFA964),Invesco Asian Bond Fixed Maturity Fund 2021 - IV (BPN021),Invesco Hong Kong Limited (trading as Invesco Asia Pacific),6/24/2020,Offering Documents,No,2;0;0;0;0;0;0;0;0;0;0;0;0,BFA964,BPN021,Invesco Asian Bond Fixed Maturity Fund 2021 - IV,Invesco Trust Series,3%,1%,0,0.60%,0.03%,0,0.03%,2020
Invesco Trust Series (BFA964),Invesco Asian Bond Fixed Maturity Fund 2021 - V (BPN022),Invesco Hong Kong Limited (trading as Invesco Asia Pacific),6/24/2020,Offering Documents,No,2;0;0;0;0;0;0;0;0;0;0;0;0,BFA964,BPN022,Invesco Asian Bond Fixed Maturity Fund 2021 - V,Invesco Trust Series,3%,1%,0,0.60%,0.03%,0,0.03%,2020
Invesco Trust Series (BFA964),Invesco Asian Bond Fixed Maturity Fund 2021 - VI (BPN023),Invesco Hong Kong Limited (trading as Invesco Asia Pacific),6/24/2020,Offering Documents,No,2;0;0;0;0;0;0;0;0;0;0;0;0,BFA964,BPN023,Invesco Asian Bond Fixed Maturity Fund 2021 - VI,Invesco Trust Series,3%,1%,0,0.60%,0.03%,0,0.03%,2020
Invesco Trust Series (BFA964),Invesco Asian Bond Fixed Maturity Fund 2022 - II (BPE733),Invesco Hong Kong Limited (trading as Invesco Asia Pacific),12/23/2019,Offering Documents,No,2;0;0;0;0;0;0;0;0;0;0;0;0,BFA964,BPE733,Invesco Asian Bond Fixed Maturity Fund 2022 - II,Invesco Trust Series,3%,1%,0,0.60%,0.03%,0,0.03%,2019
Invesco Trust Series (BFA964),Invesco Asian Bond Fixed Maturity Fund 2022 - III (BPE734),Invesco Hong Kong Limited (trading as Invesco Asia Pacific),12/23/2019,Offering Documents,No,2;0;0;0;0;0;0;0;0;0;0;0;0,BFA964,BPE734,Invesco Asian Bond Fixed Maturity Fund 2022 - III,Invesco Trust Series,0,0,0,0,0,0,0,2019
Invesco Trust Series (BFA964),Invesco Asian Bond Fixed Maturity Fund 2022 - IV (BQK959),Invesco Hong Kong Limited (trading as Invesco Asia Pacific),1/11/2021,Offering Documents,No,2;0;0;0;0;0;0;0;0;0;0;0;0,BFA964,BQK959,Invesco Asian Bond Fixed Maturity Fund 2022 - IV,Invesco Trust Series,3%,1%,0,0.60%,0.03%,0,0.03%,2021
Invesco Trust Series (BFA964),Invesco Asian Bond Fixed Maturity Fund 2022 - IX (BQK964),Invesco Hong Kong Limited (trading as Invesco Asia Pacific),1/11/2021,Offering Documents,No,2;0;0;0;0;0;0;0;0;0;0;0;0,BFA964,BQK964,Invesco Asian Bond Fixed Maturity Fund 2022 - IX,Invesco Trust Series,3%,1%,0,0.60%,0.03%,0,0.03%,2021
Invesco Trust Series (BFA964),Invesco Asian Bond Fixed Maturity Fund 2022 - V (BQK960),Invesco Hong Kong Limited (trading as Invesco Asia Pacific),1/11/2021,Offering Documents,No,2;0;0;0;0;0;0;0;0;0;0;0;0,BFA964,BQK960,Invesco Asian Bond Fixed Maturity Fund 2022 - V,Invesco Trust Series,3%,1%,0,0.60%,0.03%,0,0.03%,2021
Invesco Trust Series (BFA964),Invesco Asian Bond Fixed Maturity Fund 2022 - VI (BQK961),Invesco Hong Kong Limited (trading as Invesco Asia Pacific),1/11/2021,Offering Documents,No,2;0;0;0;0;0;0;0;0;0;0;0;0,BFA964,BQK961,Invesco Asian Bond Fixed Maturity Fund 2022 - VI,Invesco Trust Series,3%,1%,0,0.60%,0.03%,0,0.03%,2021
Invesco Trust Series (BFA964),Invesco Asian Bond Fixed Maturity Fund 2022 - VII (BQK962),Invesco Hong Kong Limited (trading as Invesco Asia Pacific),1/11/2021,Offering Documents,No,2;0;0;0;0;0;0;0;0;0;0;0;0,BFA964,BQK962,Invesco Asian Bond Fixed Maturity Fund 2022 - VII,Invesco Trust Series,3%,1%,0,0.60%,0.03%,0,0.03%,2021
Invesco Trust Series (BFA964),Invesco Asian Bond Fixed Maturity Fund 2022 - VIII (BQK963),Invesco Hong Kong Limited (trading as Invesco Asia Pacific),1/11/2021,Offering Documents,No,2;0;0;0;0;0;0;0;0;0;0;0;0,BFA964,BQK963,Invesco Asian Bond Fixed Maturity Fund 2022 - VIII,Invesco Trust Series,3%,1%,0,0.60%,0.03%,0,0.03%,2021
Invesco Trust Series (BFA964),Invesco Asian Bond Fixed Maturity Fund 2022 (BOT402),Invesco Hong Kong Limited (trading as Invesco Asia Pacific),10/11/2019,Offering Documents,No,2;0;0;0;0;0;0;0;0;0;0;0;0,BFA964,BOT402,Invesco Asian Bond Fixed Maturity Fund 2022,Invesco Trust Series,3%,1%,0,0.60%,0.03%,0,0.03%,2019
Invesco Trust Series (BFA964),Invesco Asian Bond Fixed Maturity Fund 2024 (BPX603),Invesco Hong Kong Limited (trading as Invesco Asia Pacific),11/11/2020,Offering Documents,No,2;0;0;0;0;0;0;0;0;0;0;0;0,BFA964,BPX603,Invesco Asian Bond Fixed Maturity Fund 2024,Invesco Trust Series,3%,1%,0,0.60%,0.03%,0,0.03%,2020
Invesco Trust Series (BFA964),Invesco Global Bond Fixed Maturity Fund 2022 - II (BOR188),Invesco Hong Kong Limited (trading as Invesco Asia Pacific),8/16/2019,Offering Documents,No,2;0;0;0;0;0;0;0;0;0;0;0;0,BFA964,BOR188,Invesco Global Bond Fixed Maturity Fund 2022 - II,Invesco Trust Series,3%,1%,0,0.60%,0.03%,0,0.03%,2019
Invesco Trust Series (BFA964),Invesco Global Bond Fixed Maturity Fund 2022 (BOH231),Invesco Hong Kong Limited (trading as Invesco Asia Pacific),6/24/2019,Offering Documents,No,2;0;0;0;0;0;0;0;0;0;0;0;0,BFA964,BOH231,Invesco Global Bond Fixed Maturity Fund 2022,Invesco Trust Series,3%,1%,0,0.60%,0.03%,0,0.03%,2019
Invesco Trust Series (BFA964),Invesco Global Investment Grade Corporate Bond Feeder Fund (BSE862),Invesco Hong Kong Limited (trading as Invesco Asia Pacific),5/6/2022,Offering Documents,No,0;0;0;0;0;0;0;0;0;0;0;0;0,BFA964,BSE862,Invesco Global Investment Grade Corporate Bond Feeder Fund,Invesco Trust Series,5%,1%,0,0.00%,0,0,0,2022
Janus Henderson Capital Funds plc (AFB760),Janus Henderson Multi-Sector Income Fund (BPY909),Janus Henderson Investors Europe S.A.,11/13/2020,Offering Documents,No,0;0;0;0;0;0;0;0;0;11;0;0;0,AFB760,BPY909,Janus Henderson Multi-Sector Income Fund,Janus Henderson Capital Funds plc,5.00%,0,0,0.03%,0,0,0,2020
Janus Henderson Horizon Fund (ADL924),Janus Henderson Horizon Fund - Biotechnology Fund (BOT684),Janus Henderson Investors Europe S.A.,11/15/2019,Offering Documents,No,0;0;0;0;0;0;0;0;0;11;0;0;0,ADL924,BOT684,Janus Henderson Horizon Fund - Biotechnology Fund,Janus Henderson Horizon Fund,5%,1%,0,5%,0,1.20%,0.18%,2019
Janus Henderson Horizon Fund (ADL924),Janus Henderson Horizon Fund - Global Sustainable Equity Fund (BOT685),Janus Henderson Investors Europe S.A.,11/15/2019,Offering Documents,No,0;0;0;0;0;0;0;0;0;11;0;0;0,ADL924,BOT685,Janus Henderson Horizon Fund - Global Sustainable Equity Fund,Janus Henderson Horizon Fund,5%,1%,0,5%,0,0,0.18%,2019
Janus Henderson Horizon Fund (ADL924),Janus Henderson Horizon Fund - Sustainable Future Technologies Fund (BRZ849),Janus Henderson Investors Europe S.A.,2/18/2022,Offering Documents,No,0;0;0;0;0;0;0;0;0;11;0;0;0,ADL924,BRZ849,Janus Henderson Horizon Fund - Sustainable Future Technologies Fund,Janus Henderson Horizon Fund,5%,1%,0,0,0,0,0.18%,2022
JPMorgan Funds (ACS938),JPMorgan Funds - China Bond Opportunities Fund (BPC806),JPMorgan Asset Management (Europe) S.a'r.l.,2/5/2020,Offering Documents,No,0;0;0;0;0;0;0;0;0;11;0;0;0,ACS938,BPC806,JPMorgan Funds - China Bond Opportunities Fund,JPMorgan Funds,3.00%,1.00%,0%,1.00%,0,0,0.20%,2020
JPMorgan Funds (ACS938),JPMorgan Funds - Emerging Markets Sustainable Equity Fund (BQU603),JPMorgan Asset Management (Europe) S.a'r.l.,4/27/2021,Offering Documents,No,0;0;0;0;0;0;0;0;0;11;0;0;0,ACS938,BQU603,JPMorgan Funds - Emerging Markets Sustainable Equity Fund,JPMorgan Funds,5.00%,1.00%,0%,1.50%,0,0,0.30%,2021
JPMorgan Funds (ACS938),JPMorgan Funds - Global Healthcare Fund (BRP163),JPMorgan Asset Management (Europe) S.a'r.l.,10/25/2021,Offering Documents,No,0;0;0;0;0;0;0;0;0;11;0;0;0,ACS938,BRP163,JPMorgan Funds - Global Healthcare Fund,JPMorgan Funds,5.00%,1.00%,0%,1.50%,0,0,0.30%,2021
Legg Mason Global Funds Plc (ANO878),Legg Mason Brandywine Global Income Optimiser Fund (BRI690),Franklin Templeton International Services S.a.r.l.,8/24/2021,Offering Documents,No,0;0;0;0;0;0;0;0;0;11;0;0;0,ANO878,BRI690,Legg Mason Brandywine Global Income Optimiser Fund,Legg Mason Global Funds Plc,5.00%,0,0,1.10%,0,0,0.15%,2021
Legg Mason Global Funds Plc (ANO878),Legg Mason Brandywine Global Opportunistic Fixed Income Fund (BOA236),Franklin Templeton International Services S.a.r.l.,7/10/2019,Offering Documents,No,0;0;0;0;0;0;0;0;0;11;0;0;0,ANO878,BOA236,Legg Mason Brandywine Global Opportunistic Fixed Income Fund,Legg Mason Global Funds Plc,5.00%,0,0,1.15%,0,0,0.15%,2019
Legg Mason Global Funds Plc (ANO878),Legg Mason Martin Currie Asia Pacific Ex Japan Real Income Fund (BPH456),Franklin Templeton International Services S.a.r.l.,5/5/2020,Offering Documents,No,0;0;0;0;0;0;0;0;0;11;0;0;0,ANO878,BPH456,Legg Mason Martin Currie Asia Pacific Ex Japan Real Income Fund,Legg Mason Global Funds Plc,5.00%,0,0,1.10%,0,0,0.15%,2020
Manulife Global Fund (ABG535),Manulife Global Fund - Asia Dynamic Income Fund (BSI430),Manulife Investment Management (Ireland) Limited,7/4/2022,Offering Documents,No,0;0;0;0;0;0;0;0;0;11;0;0;0,ABG535,BSI430,Manulife Global Fund - Asia Dynamic Income Fund,Manulife Global Fund,5%,1%,0,0.01%,0,0,0.50%,2022
Manulife Global Fund (ABG535),Manulife Global Fund - Asian High Yield Fund (BQP895),Manulife Investment Management (Ireland) Limited,3/3/2021,Offering Documents,No,2;0;0;0;0;0;0;0;0;11;0;0;0,ABG535,BQP895,Manulife Global Fund - Asian High Yield Fund,Manulife Global Fund,5%,1%,0,0.01%,0,0,0.50%,2021
Manulife Global Fund (ABG535),Manulife Global Fund - Asian Short Duration Bond Fund (BSI431),Manulife Investment Management (Ireland) Limited,7/4/2022,Offering Documents,No,0;0;0;0;0;0;0;0;0;11;0;0;0,ABG535,BSI431,Manulife Global Fund - Asian Short Duration Bond Fund,Manulife Global Fund,3%,1%,0,0.01%,0,0,0.50%,2022
Manulife Global Fund (ABG535),Manulife Global Fund - Global Multi-Asset Diversified Income Fund (BOH306),Manulife Investment Management (Ireland) Limited,6/4/2019,Offering Documents,No,0;0;0;0;0;0;0;0;0;11;0;0;0,ABG535,BOH306,Manulife Global Fund - Global Multi-Asset Diversified Income Fund,Manulife Global Fund,5%,1%,0,0.01%,0,0,0.50%,2019
Manulife Global Fund (ABG535),Manulife Global Fund - Investment Grade Preferred Securities Income Fund (BQV888),Manulife Investment Management (Ireland) Limited,5/5/2021,Offering Documents,No,0;0;0;0;0;0;0;0;0;11;0;0;0,ABG535,BQV888,Manulife Global Fund - Investment Grade Preferred Securities Income Fund,Manulife Global Fund,5%,1%,0,0.01%,0,0,0.50%,2021
Manulife Global Fund (ABG535),Manulife Global Fund - Sustainable Asia Bond Fund (BQP896),Manulife Investment Management (Ireland) Limited,3/3/2021,Offering Documents,No,2;0;0;0;0;0;0;0;0;11;0;0;0,ABG535,BQP896,Manulife Global Fund - Sustainable Asia Bond Fund,Manulife Global Fund,5%,1%,0,0.01%,0,0,0.50%,2021
Manulife Hong Kong Series (BFE015),Manulife Global Multi-Asset Diversified Income Fund (BSG912),Manulife Investment Management (Hong Kong) Limited,6/17/2022,Offering Documents,No,0;0;0;0;0;0;0;0;0;0;0;0;0,BFE015,BSG912,Manulife Global Multi-Asset Diversified Income Fund,Manulife Hong Kong Series,0,1%,0,0,0,0,0,2022
Manulife Hong Kong Series (BFE015),Manulife STARS Income and Growth Fund (BPM974),Manulife Investment Management (Hong Kong) Limited,6/5/2020,Offering Documents,No,0;0;0;0;0;0;0;0;0;0;0;0;0,BFE015,BPM974,Manulife STARS Income and Growth Fund,Manulife Hong Kong Series,0,1%,0,1.20%,0.50%,0,0,2020
Matthews Asia Funds (AXK085),Matthews Asia Funds - Asia ex Japan Dividend Fund (BOG861),Carne Global Fund Managers (Luxembourg) S.A.,7/17/2019,Offering Documents,No,0;0;0;0;0;0;0;0;0;11;0;0;0,AXK085,BOG861,Matthews Asia Funds - Asia ex Japan Dividend Fund,Matthews Asia Funds,5%,1%,0,0.02%,0,0,0.50%,2019
Matthews Asia Funds (AXK085),Matthews Asia Funds - Asia Innovative Growth Fund (BRW241),Carne Global Fund Managers (Luxembourg) S.A.,1/12/2022,Offering Documents,No,0;0;0;0;0;0;0;0;0;11;0;0;0,AXK085,BRW241,Matthews Asia Funds - Asia Innovative Growth Fund,Matthews Asia Funds,5%,1%,0,0.02%,0,0,0.50%,2022
Matthews Asia Funds (AXK085),Matthews Asia Funds - Japan Fund (BOG862),Carne Global Fund Managers (Luxembourg) S.A.,7/17/2019,Offering Documents,No,0;0;0;0;0;0;0;0;0;11;0;0;0,AXK085,BOG862,Matthews Asia Funds - Japan Fund,Matthews Asia Funds,5%,1%,0,0.02%,0,0,0.50%,2019
Mirae Asset Global Discovery Fund (APW921),Mirae Asset Asia Growth Equity Fund (BQC445),FundRock Management Company S.A.,11/6/2020,Offering Documents,No,0;0;0;0;0;0;0;0;0;11;0;0;0,APW921,BQC445,Mirae Asset Asia Growth Equity Fund,Mirae Asset Global Discovery Fund,5.25%,0,0,0.05%,0,0,0.04%,2020
Morgan Stanley Investment Funds (ACT316),Morgan Stanley Investment Funds Asia Opportunity Fund (BQA858),MSIM Fund Management (Ireland) Limited,12/7/2020,Offering Documents,No,0;0;0;0;0;0;0;0;0;11;0;0;0,ACT316,BQA858,Morgan Stanley Investment Funds Asia Opportunity Fund,Morgan Stanley Investment Funds,0,0,0,0,0,0,0,2020
Natixis International Funds (Lux) I (BAA243),Thematics AI and Robotics Fund (BRV516),Natixis Investment Managers S.A.,2/28/2022,Offering Documents,No,0;0;0;0;0;0;0;0;0;11;0;0;0,BAA243,BRV516,Thematics AI and Robotics Fund,Natixis International Funds (Lux) I,4%,0,0,1.92%,0,0,0,2022
Natixis International Funds (Lux) I (BAA243),Thematics Meta Fund (BRV517),Natixis Investment Managers S.A.,2/28/2022,Offering Documents,No,0;0;0;0;0;0;0;0;0;11;0;0;0,BAA243,BRV517,Thematics Meta Fund,Natixis International Funds (Lux) I,4%,0,0,1.92%,0,0,0.06%,2022
Natixis International Funds (Lux) I (BAA243),Thematics Safety Fund (BRV518),Natixis Investment Managers S.A.,2/28/2022,Offering Documents,No,0;0;0;0;0;0;0;0;0;11;0;0;0,BAA243,BRV518,Thematics Safety Fund,Natixis International Funds (Lux) I,4%,0,0,1.93%,0,0,0.01%,2022
Natixis International Funds (Lux) I (BAA243),Thematics Subscription Economy Fund (BRV520),Natixis Investment Managers S.A.,2/28/2022,Offering Documents,No,0;0;0;0;0;0;0;0;0;11;0;0;0,BAA243,BRV520,Thematics Subscription Economy Fund,Natixis International Funds (Lux) I,4%,0,0,1.90%,0,0,0.01%,2022
Natixis International Funds (Lux) I (BAA243),Thematics Water Fund (BRV519),Natixis Investment Managers S.A.,2/28/2022,Offering Documents,No,0;0;0;0;0;0;0;0;0;11;0;0;0,BAA243,BRV519,Thematics Water Fund,Natixis International Funds (Lux) I,4%,0,0,1.91%,0,0,0.01%,2022
Neuberger Berman Investment Funds plc (BAU636),Neuberger Berman 5G Connectivity Fund (BQO139),Neuberger Berman Asset Management Ireland Limited,1/28/2021,Offering Documents,No,0;0;0;0;0;0;0;0;0;11;0;0;0,BAU636,BQO139,Neuberger Berman 5G Connectivity Fund,Neuberger Berman Investment Funds plc,5%,1%,0,1.70%,0,0,0,2021
Neuberger Berman Investment Funds plc (BAU636),Neuberger Berman China Bond Fund (BPX152),Neuberger Berman Asset Management Ireland Limited,11/12/2020,Offering Documents,No,0;0;0;0;0;0;0;0;0;11;0;0;0,BAU636,BPX152,Neuberger Berman China Bond Fund,Neuberger Berman Investment Funds plc,5%,0,0,1.30%,0,0,0,2020
Neuberger Berman Investment Funds plc (BAU636),Neuberger Berman Global Real Estate Securities Fund (BPX151),Neuberger Berman Asset Management Ireland Limited,11/12/2020,Offering Documents,No,0;0;0;0;0;0;0;0;0;11;0;0;0,BAU636,BPX151,Neuberger Berman Global Real Estate Securities Fund,Neuberger Berman Investment Funds plc,5%,1%,0,1.50%,0,0,0,2020
Neuberger Berman Investment Funds plc (BAU636),Neuberger Berman Next Generation Mobility Fund (BPX150),Neuberger Berman Asset Management Ireland Limited,11/12/2020,Offering Documents,No,0;0;0;0;0;0;0;0;0;11;0;0;0,BAU636,BPX150,Neuberger Berman Next Generation Mobility Fund,Neuberger Berman Investment Funds plc,5%,1%,0,1.70%,0,0,0,2020
Neuberger Berman Investment Funds plc (BAU636),Neuberger Berman Sustainable Asia High Yield Fund (BSI123),Neuberger Berman Asset Management Ireland Limited,5/24/2022,Offering Documents,No,0;0;0;0;0;0;0;0;0;11;0;0;0,BAU636,BSI123,Neuberger Berman Sustainable Asia High Yield Fund,Neuberger Berman Investment Funds plc,5%,1%,0,1.20%,0,0,0.20%,2022
New Capital Hong Kong Unit Trust Series (BKY325),New Capital All The B's Rated Fixed Maturity Bond Fund 2025 (BQP561),EFG Asset Management (HK) Limited,2/24/2021,Offering Documents,No,2;0;0;0;0;0;0;0;0;0;0;0;0,BKY325,BQP561,New Capital All The B's Rated Fixed Maturity Bond Fund 2025,New Capital Hong Kong Unit Trust Series,0,0,0,0,0.07%,0,0,2021
New Capital Hong Kong Unit Trust Series (BKY325),New Capital Wealthy Nations Fixed Maturity Bond Fund 2024 (BPK507),EFG Asset Management (HK) Limited,3/16/2020,Offering Documents,No,0;0;0;0;0;0;0;0;0;0;0;0;0,BKY325,BPK507,New Capital Wealthy Nations Fixed Maturity Bond Fund 2024,New Capital Hong Kong Unit Trust Series,0,0,0,0.40%,0.07%,0,0,2020
Ninety One Global Strategy Fund (AAQ612),American Franchise Fund (BQK970),Ninety One Luxembourg S.A.,12/24/2020,Offering Documents,No,0;0;0;0;0;0;0;0;0;11;0;0;0,AAQ612,BQK970,American Franchise Fund,Ninety One Global Strategy Fund,5%,0,0,1.50%,0,0,0.30%,2020
Ninety One Global Strategy Fund (AAQ612),Asia Pacific Franchise Fund (BRV725),Ninety One Luxembourg S.A.,12/13/2021,Offering Documents,No,0;0;0;0;0;0;0;0;0;11;0;0;0,AAQ612,BRV725,Asia Pacific Franchise Fund,Ninety One Global Strategy Fund,5%,0,0,1.50%,0,0,0.30%,2021
Ninety One Global Strategy Fund (AAQ612),Emerging Markets Investment Grade Corporate Debt Fund (BPF354),Ninety One Luxembourg S.A.,1/23/2020,Offering Documents,No,0;0;0;0;0;0;0;0;0;11;0;0;0,AAQ612,BPF354,Emerging Markets Investment Grade Corporate Debt Fund,Ninety One Global Strategy Fund,5%,0,0,1.20%,0,0,0.30%,2020
Ninety One Global Strategy Fund (AAQ612),Global Environment Fund (BPM841),Ninety One Luxembourg S.A.,5/29/2020,Offering Documents,No,0;0;0;0;0;0;0;0;0;11;0;0;0,AAQ612,BPM841,Global Environment Fund,Ninety One Global Strategy Fund,5%,0,0,1.50%,0,0,0.30%,2020
Orient Sun Rise Genesis Fund Series (BQL527),Orient Sun Rise Greater China Bond Fund (BQL528),Orient Asset Management (Hong Kong) Limited,12/31/2020,Offering Documents,No,2;0;0;0;0;0;0;0;0;0;0;0;0,BQL527,BQL528,Orient Sun Rise Greater China Bond Fund,Orient Sun Rise Genesis Fund Series,3.00%,0,0,0.50%,0.15%,0,0,2020
Pictet (AOY988),Pictet - Global Thematic Opportunities (BRJ321),Pictet Asset Management (Europe) S.A.,8/24/2021,Offering Documents,No,0;0;0;0;0;0;0;0;0;11;0;0;0,AOY988,BRJ321,Pictet - Global Thematic Opportunities,Pictet,5.00%,2.00%,3.00%,1.60%,0,0,0.29%,2021
Pictet (AOY988),Pictet - Human (BRJ320),Pictet Asset Management (Europe) S.A.,8/24/2021,Offering Documents,No,0;0;0;0;0;0;0;0;0;11;0;0;0,AOY988,BRJ320,Pictet - Human,Pictet,5.00%,2.00%,3.00%,1.60%,0,0,0.29%,2021
Pictet HK (BHN011),Pictet Asian Bond Income (BQC194),Pictet Asset Management (Hong Kong) Limited,12/4/2020,Offering Documents,No,2;0;0;0;0;0;0;0;0;0;0;0;0,BHN011,BQC194,Pictet Asian Bond Income,Pictet HK,5%,1%,1%,1.00%,0.06%,0,0,2020
PIMCO Funds: Global Investors Series Plc (AFR656),Income Fund II (BQT657),PIMCO Global Advisors (Ireland) Limited,5/18/2021,Offering Documents,No,0;0;0;0;0;0;0;0;0;11;0;0;0,AFR656,BQT657,Income Fund II,PIMCO Funds: Global Investors Series Plc,5%,0,0,0.59%,0,0,0,2021
PIMCO Funds: Global Investors Series Plc (AFR656),PIMCO Asia High Yield Bond Fund (BOT525),PIMCO Global Advisors (Ireland) Limited,12/24/2019,Offering Documents,No,0;0;0;0;0;0;0;0;0;11;0;0;0,AFR656,BOT525,PIMCO Asia High Yield Bond Fund,PIMCO Funds: Global Investors Series Plc,5%,0,0,0.65%,0,0,0,2019
PineBridge Global Funds (ALL921),PineBridge Asia Pacific Investment Grade Bond Fund (BPX414),PineBridge Investments Ireland Limited,10/23/2020,Offering Documents,No,0;0;0;0;0;0;0;0;0;11;0;0;0,ALL921,BPX414,PineBridge Asia Pacific Investment Grade Bond Fund,PineBridge Global Funds,5.00%,3.00%,3.00%,0.75%,0.30%,0,0.30%,2020
PineBridge Global Funds (ALL921),PineBridge Asian High Yield Total Return Bond Fund (BRZ231),PineBridge Investments Ireland Limited,3/4/2022,Offering Documents,No,0;0;0;0;0;0;0;0;0;11;0;0;0,ALL921,BRZ231,PineBridge Asian High Yield Total Return Bond Fund,PineBridge Global Funds,5.00%,3.00%,3.00%,1.50%,0.30%,0,0.30%,2022
PineBridge Global Funds (ALL921),PineBridge USD Investment Grade Credit Fund (BPX417),PineBridge Investments Ireland Limited,10/23/2020,Offering Documents,No,0;0;0;0;0;0;0;0;0;11;0;0;0,ALL921,BPX417,PineBridge USD Investment Grade Credit Fund,PineBridge Global Funds,5.00%,3.00%,3.00%,0.65%,0.30%,0,0.30%,2020
Ping An of China Asset Management Fund (BQU072),China A-Shares AI Multi-Factor Fund (BQU073),Carne Global Fund Managers (Luxembourg) S.A.,6/16/2021,Offering Documents,No,0;0;0;0;0;0;0;0;0;11;0;0;14,BQU072,BQU073,China A-Shares AI Multi-Factor Fund,Ping An of China Asset Management Fund,5.00%,0,0,0.05%,0,0,0.05%,2021
Ping An of China Asset Management Fund (BQU072),China Green Bond Fund (BQU074),Carne Global Fund Managers (Luxembourg) S.A.,6/16/2021,Offering Documents,No,0;0;0;0;0;0;0;0;0;11;0;0;14,BQU072,BQU074,China Green Bond Fund,Ping An of China Asset Management Fund,0,0,0,0.05%,0,0,0.05%,2021
Ping An of China Asset Management Fund (BQU072),China High Yield Private Strategy Bond Fund (BQU075),Carne Global Fund Managers (Luxembourg) S.A.,6/16/2021,Offering Documents,No,0;0;0;0;0;0;0;0;0;11;0;0;14,BQU072,BQU075,China High Yield Private Strategy Bond Fund,Ping An of China Asset Management Fund,1.00%,0.20%,0.60%,0.05%,0,0,0.05%,2021
Ping An of China Asset Management Fund (BQU072),Emerging Market Income Fund (BQU076),Carne Global Fund Managers (Luxembourg) S.A.,6/16/2021,Offering Documents,No,0;0;0;0;0;0;0;0;0;11;0;0;14,BQU072,BQU076,Emerging Market Income Fund,Ping An of China Asset Management Fund,1.00%,0.20%,0.60%,0.05%,0,0,0.05%,2021
Ping An of China Select Investment Fund Series (AWO197),Ping An Money Market Fund (BQN919),Ping An of China Asset Management (Hong Kong) Company Limited,3/15/2021,Offering Documents,No,0;0;4;0;0;0;0;0;0;0;0;0;0,AWO197,BQN919,Ping An Money Market Fund,Ping An of China Select Investment Fund Series,3.00%,0,0,0.30%,0.08%,0,0,2021
Principal Global Investors Funds (ABH670),Asian High Yield Fund (BPK666),Principal Global Investors (Ireland) Limited,4/20/2020,Offering Documents,No,0;0;0;0;0;0;0;0;0;11;0;0;0,ABH670,BPK666,Asian High Yield Fund,Principal Global Investors Funds,5%,0,0,0.70%,0.02%,0,0.65%,2020
Principal Global Investors Funds (ABH670),Global Property Securities Fund (BOS520),Principal Global Investors (Ireland) Limited,1/9/2020,Offering Documents,No,0;0;0;0;0;0;0;0;0;11;0;0;0,ABH670,BOS520,Global Property Securities Fund,Principal Global Investors Funds,5%,0,0,0.80%,0.02%,0,0,2020
Principal Global Investors Funds (ABH670),Origin Global Emerging Markets Fund (BOS521),Principal Global Investors (Ireland) Limited,1/9/2020,Offering Documents,No,0;0;0;0;0;0;0;0;0;11;0;0;0,ABH670,BOS521,Origin Global Emerging Markets Fund,Principal Global Investors Funds,5%,0,0,1.70%,0.02%,0,0,2020
Principal Global Investors Funds (ABH670),Origin Global Smaller Companies Fund (BOS522),Principal Global Investors (Ireland) Limited,1/9/2020,Offering Documents,No,0;0;0;0;0;0;0;0;0;11;0;0;0,ABH670,BOS522,Origin Global Smaller Companies Fund,Principal Global Investors Funds,5%,0,0,1.70%,0.02%,0,0,2020
Principal Global Investors Funds (ABH670),Post Short Duration High Yield Fund (BOS523),Principal Global Investors (Ireland) Limited,1/9/2020,Offering Documents,No,0;0;0;0;0;0;0;0;0;11;0;0;0,ABH670,BOS523,Post Short Duration High Yield Fund,Principal Global Investors Funds,5%,0,0,0.70%,0.02%,0,0.60%,2020
Principal Prosperity Series (AHX979),Principal Sustainable Asian Allocation Fund (BRS093),Principal Asset Management Company (Asia) Limited,12/6/2021,Offering Documents,No,2;0;0;0;0;0;0;0;0;0;0;0;0,AHX979,BRS093,Principal Sustainable Asian Allocation Fund,Principal Prosperity Series,0,0,0,1.25%,0.30%,0,0,2021
Principal Prosperity Series (AHX979),Principal Sustainable Asian Income Fund (BRS091),Principal Asset Management Company (Asia) Limited,12/6/2021,Offering Documents,No,2;0;0;0;0;0;0;0;0;0;0;0;0,AHX979,BRS091,Principal Sustainable Asian Income Fund,Principal Prosperity Series,0,0,0,0.90%,0.30%,0,0,2021
Schroder International Selection Fund (AEU509),All China Equity (BOC909),Schroder Investment Management (Europe) S.A.,4/29/2019,Offering Documents,No,0;0;0;0;0;0;0;0;0;11;0;0;0,AEU509,BOC909,All China Equity,Schroder International Selection Fund,5.00%,1.00%,0,1.50%,0,0,0.25%,2019
Schroder International Selection Fund (AEU509),European Sustainable Equity (BSQ710),Schroder Investment Management (Europe) S.A.,8/18/2022,Offering Documents,No,0;0;0;0;0;0;0;0;0;11;0;0;0,AEU509,BSQ710,European Sustainable Equity,Schroder International Selection Fund,5.00%,1.00%,0,1.25%,0,0,0.25%,2022
Schroder International Selection Fund (AEU509),Global Sustainable Food and Water (BSS918),Schroder Investment Management (Europe) S.A.,9/9/2022,Offering Documents,No,0;0;0;0;0;0;0;0;0;11;0;0;0,AEU509,BSS918,Global Sustainable Food and Water,Schroder International Selection Fund,5.00%,1.00%,0,1.50%,0,0,0.25%,2022
Schroder International Selection Fund (AEU509),Healthcare Innovation (BSI024),Schroder Investment Management (Europe) S.A.,6/6/2022,Offering Documents,No,0;0;0;0;0;0;0;0;0;11;0;0;0,AEU509,BSI024,Healthcare Innovation,Schroder International Selection Fund,5.00%,1.00%,0,1.50%,0,0,0.25%,2022
Schroder International Selection Fund (AEU509),Multi-Asset Growth and Income (BNY171),Schroder Investment Management (Europe) S.A.,3/7/2019,Offering Documents,No,0;0;0;0;0;0;0;0;0;11;0;0;0,AEU509,BNY171,Multi-Asset Growth and Income,Schroder International Selection Fund,4.00%,1.00%,0,1.25%,0,0,0.25%,2019
Schroder International Selection Fund (AEU509),Sustainable Asian Equity (BSQ711),Schroder Investment Management (Europe) S.A.,8/18/2022,Offering Documents,No,0;0;0;0;0;0;0;0;0;11;0;0;0,AEU509,BSQ711,Sustainable Asian Equity,Schroder International Selection Fund,5.00%,1.00%,0,1.50%,0,0,0.25%,2022
Schroder International Selection Fund (AEU509),Sustainable Multi-Asset Income (BRV480),Schroder Investment Management (Europe) S.A.,1/10/2022,Offering Documents,No,0;0;0;0;0;0;0;0;0;11;0;0;0,AEU509,BRV480,Sustainable Multi-Asset Income,Schroder International Selection Fund,5.00%,1.00%,0,1.25%,0,0,0.25%,2022
Schroder Umbrella Fund II (AWW393),Schroder Global Multi-Asset Thematic Fund (BQV387),Schroder Investment Management (Hong Kong) Limited,5/31/2021,Offering Documents,No,0;0;0;0;0;0;0;0;0;0;0;0;0,AWW393,BQV387,Schroder Global Multi-Asset Thematic Fund,Schroder Umbrella Fund II,5%,5%,0,1.50%,0.07%,0,0.02%,2021
SinoPac Money Market Funds (BPQ736),SinoPac USD Money Market Fund (BPQ737),SinoPac Asset Management (Asia) Limited,9/9/2020,Offering Documents,No,0;0;4;0;0;0;0;0;0;0;0;0;0,BPQ736,BPQ737,SinoPac USD Money Market Fund,SinoPac Money Market Funds,3%,0,0,0.60%,0.09%,0,0,2020
T. Rowe Price Funds SICAV (BGZ799),Asia Credit Bond Fund (BQC308),T. Rowe Price (Luxembourg) Management S.a r.l.,11/17/2020,Offering Documents,No,0;0;0;0;0;0;0;0;0;11;0;0;0,BGZ799,BQC308,Asia Credit Bond Fund,T. Rowe Price Funds SICAV,5%,0,0,0.65%,0,0,0.01%,2020
T. Rowe Price Funds SICAV (BGZ799),Asian Ex-Japan Equity Fund (BNU609),T. Rowe Price (Luxembourg) Management S.a r.l.,2/25/2019,Offering Documents,No,0;0;0;0;0;0;0;0;0;11;0;0;0,BGZ799,BNU609,Asian Ex-Japan Equity Fund,T. Rowe Price Funds SICAV,0,0,0,0.75%,0,0,0.01%,2019
T. Rowe Price Funds SICAV (BGZ799),Asian Opportunities Equity Fund (BPF263),T. Rowe Price (Luxembourg) Management S.a r.l.,2/28/2020,Offering Documents,No,0;0;0;0;0;0;0;0;0;11;0;0;0,BGZ799,BPF263,Asian Opportunities Equity Fund,T. Rowe Price Funds SICAV,0,0,0,0.75%,0,0,0.01%,2020
T. Rowe Price Funds SICAV (BGZ799),China Evolution Equity Fund (BQM666),T. Rowe Price (Luxembourg) Management S.a r.l.,2/3/2021,Offering Documents,No,0;0;0;0;0;0;0;0;0;11;0;0;0,BGZ799,BQM666,China Evolution Equity Fund,T. Rowe Price Funds SICAV,5%,0,0,1.70%,0,0,0.17%,2021
T. Rowe Price Funds SICAV (BGZ799),Emerging Local Markets Bond Fund (BNU610),T. Rowe Price (Luxembourg) Management S.a r.l.,2/25/2019,Offering Documents,Yes,0;0;0;0;0;0;0;0;0;11;0;0;0,BGZ799,BNU610,Emerging Local Markets Bond Fund,T. Rowe Price Funds SICAV,5%,0,0,0.99%,0,0,0.01%,2019
T. Rowe Price Funds SICAV (BGZ799),Emerging Markets Discovery Equity Fund (BPF264),T. Rowe Price (Luxembourg) Management S.a r.l.,2/28/2020,Offering Documents,No,0;0;0;0;0;0;0;0;0;11;0;0;0,BGZ799,BPF264,Emerging Markets Discovery Equity Fund,T. Rowe Price Funds SICAV,0,0,0,0.91%,0,0,0.01%,2020
T. Rowe Price Funds SICAV (BGZ799),Global Aggregate Bond Fund (BNU611),T. Rowe Price (Luxembourg) Management S.a r.l.,2/25/2019,Offering Documents,Yes,0;0;0;0;0;0;0;0;0;11;0;0;0,BGZ799,BNU611,Global Aggregate Bond Fund,T. Rowe Price Funds SICAV,5%,0,0,0.31%,0,0,0.01%,2019
T. Rowe Price Funds SICAV (BGZ799),Global Equity Dividend Fund (BQC307),T. Rowe Price (Luxembourg) Management S.a r.l.,11/17/2020,Offering Documents,No,0;0;0;0;0;0;0;0;0;11;0;0;0,BGZ799,BQC307,Global Equity Dividend Fund,T. Rowe Price Funds SICAV,5%,0,0,0.75%,0,0,0.01%,2020
T. Rowe Price Funds SICAV (BGZ799),Global Growth Equity Fund (BQM667),T. Rowe Price (Luxembourg) Management S.a r.l.,2/3/2021,Offering Documents,No,0;0;0;0;0;0;0;0;0;11;0;0;0,BGZ799,BQM667,Global Growth Equity Fund,T. Rowe Price Funds SICAV,5%,0,0,0.75%,0,0,0.17%,2021
T. Rowe Price Funds SICAV (BGZ799),Global Select Equity Fund (BRD891),T. Rowe Price (Luxembourg) Management S.a r.l.,6/25/2021,Offering Documents,No,0;0;0;0;0;0;0;0;0;11;0;0;0,BGZ799,BRD891,Global Select Equity Fund,T. Rowe Price Funds SICAV,5%,0,0,0.79%,0,0,0.17%,2021
T. Rowe Price Funds SICAV (BGZ799),Global Value Equity Fund (BRD892),T. Rowe Price (Luxembourg) Management S.a r.l.,6/25/2021,Offering Documents,No,0;0;0;0;0;0;0;0;0;11;0;0;0,BGZ799,BRD892,Global Value Equity Fund,T. Rowe Price Funds SICAV,5%,0,0,0.75%,0,0,0.17%,2021
T. Rowe Price Funds SICAV (BGZ799),Japanese Equity Fund (BNU612),T. Rowe Price (Luxembourg) Management S.a r.l.,2/25/2019,Offering Documents,No,0;0;0;0;0;0;0;0;0;11;0;0;0,BGZ799,BNU612,Japanese Equity Fund,T. Rowe Price Funds SICAV,5%,0,0,1.60%,0,0,0.01%,2019
T. Rowe Price Funds SICAV (BGZ799),Multi-Asset Global Income Fund (BQC309),T. Rowe Price (Luxembourg) Management S.a r.l.,11/17/2020,Offering Documents,No,0;0;0;0;0;0;0;0;0;11;0;0;0,BGZ799,BQC309,Multi-Asset Global Income Fund,T. Rowe Price Funds SICAV,0,0,0,0.57%,0,0,0.01%,2020
T. Rowe Price Funds SICAV (BGZ799),Science and Technology Equity Fund (BNU613),T. Rowe Price (Luxembourg) Management S.a r.l.,2/25/2019,Offering Documents,No,0;0;0;0;0;0;0;0;0;11;0;0;0,BGZ799,BNU613,Science and Technology Equity Fund,T. Rowe Price Funds SICAV,5%,0,0,1.75%,0,0,0.01%,2019
T. Rowe Price Funds SICAV (BGZ799),US High Yield Bond Fund (BNU614),T. Rowe Price (Luxembourg) Management S.a r.l.,2/25/2019,Offering Documents,No,0;0;0;0;0;0;0;0;0;11;0;0;0,BGZ799,BNU614,US High Yield Bond Fund,T. Rowe Price Funds SICAV,5%,0,0,1.15%,0,0,0.01%,2019
T. Rowe Price Funds SICAV (BGZ799),US Smaller Companies Equity Fund (BPF265),T. Rowe Price (Luxembourg) Management S.a r.l.,2/28/2020,Offering Documents,No,0;0;0;0;0;0;0;0;0;11;0;0;0,BGZ799,BPF265,US Smaller Companies Equity Fund,T. Rowe Price Funds SICAV,5%,0,0,0.95%,0,0,0.01%,2020
Taikang Kaitai Funds (BBQ508),Taikang Kaitai Hong Kong Dollar Money Market Fund (BRG187),Taikang Asset Management (Hong Kong) Company Limited,9/2/2021,Offering Documents,No,0;0;4;0;0;0;0;0;0;0;0;0;0,BBQ508,BRG187,Taikang Kaitai Hong Kong Dollar Money Market Fund,Taikang Kaitai Funds,5%,1%,0,0.40%,0.08%,0,0,2021
Taikang Kaitai Funds (BBQ508),Taikang Kaitai US Dollar Money Market Fund (BSG589),Taikang Asset Management (Hong Kong) Company Limited,5/25/2022,Offering Documents,No,0;0;4;0;0;0;0;0;0;0;0;0;0,BBQ508,BSG589,Taikang Kaitai US Dollar Money Market Fund,Taikang Kaitai Funds,5%,1%,0,0.40%,0.08%,0,0,2022
UBS (HK) Fund Series (BHX642),UBS (HK) Fund Series - Asia Allocation Opportunity (USD) (BQN326),UBS Asset Management (Hong Kong) Limited,2/3/2021,Offering Documents,No,2;0;0;0;0;0;0;0;0;0;0;0;0,BHX642,BQN326,UBS (HK) Fund Series - Asia Allocation Opportunity (USD),UBS (HK) Fund Series,3%,0,0,1.30%,0.09%,0,0,2021
UBS (HK) Fund Series (BHX642),UBS (HK) Fund Series - Asia Income Bond (USD) (BQN324),UBS Asset Management (Hong Kong) Limited,2/3/2021,Offering Documents,No,2;0;0;0;0;0;0;0;0;0;0;0;0,BHX642,BQN324,UBS (HK) Fund Series - Asia Income Bond (USD),UBS (HK) Fund Series,3%,0,0,1.10%,0.09%,0,0,2021
UBS (HK) Fund Series (BHX642),UBS (HK) Fund Series - China Health Care Equity (USD) (BSD076),UBS Asset Management (Hong Kong) Limited,4/19/2022,Offering Documents,No,2;0;0;0;0;0;0;0;0;0;0;0;0,BHX642,BSD076,UBS (HK) Fund Series - China Health Care Equity (USD),UBS (HK) Fund Series,3%,0,0,1.72%,0.09%,0,0,2022
UBS (HK) Fund Series (BHX642),UBS (HK) Fund Series - Credit Income Opportunity (USD) (BQG374),UBS Asset Management (Hong Kong) Limited,1/27/2021,Offering Documents,No,2;0;0;0;0;0;0;0;0;0;0;0;0,BHX642,BQG374,UBS (HK) Fund Series - Credit Income Opportunity (USD),UBS (HK) Fund Series,3%,0,0,1.10%,0.09%,0,0,2021
UBS (HK) Fund Series (BHX642),UBS (HK) Fund Series - Global Income Bond (USD) (BQN325),UBS Asset Management (Hong Kong) Limited,2/3/2021,Offering Documents,No,2;0;0;0;0;0;0;0;0;0;0;0;0,BHX642,BQN325,UBS (HK) Fund Series - Global Income Bond (USD),UBS (HK) Fund Series,3%,0,0,1.07%,0.09%,0,0,2021
UBS (Lux) Bond SICAV (BPR687),UBS (Lux) Bond SICAV - Asian High Yield (USD) (BPR688),UBS Fund Management (Luxembourg) S.A.,9/4/2020,Offering Documents,No,0;0;0;0;0;0;0;0;0;11;0;0;0,BPR687,BPR688,UBS (Lux) Bond SICAV - Asian High Yield (USD),UBS (Lux) Bond SICAV,3%,3%,0,0,0,0,1.12%,2020
UBS (Lux) Bond SICAV (BPR687),UBS (Lux) Bond SICAV - China Fixed Income (RMB) (BPR691),UBS Fund Management (Luxembourg) S.A.,10/7/2020,Offering Documents,No,0;0;0;0;0;0;0;0;0;11;0;0;0,BPR687,BPR691,UBS (Lux) Bond SICAV - China Fixed Income (RMB),UBS (Lux) Bond SICAV,3%,3%,0,0,0,0,0.92%,2020
UBS (Lux) Bond SICAV (BPR687),UBS (Lux) Bond SICAV - USD High Yield (USD) (BPR690),UBS Fund Management (Luxembourg) S.A.,9/4/2020,Offering Documents,No,0;0;0;0;0;0;0;0;0;11;0;0;0,BPR687,BPR690,UBS (Lux) Bond SICAV - USD High Yield (USD),UBS (Lux) Bond SICAV,3%,3%,0,0,0,0,1.01%,2020
UBS (Lux) Equity SICAV (AQQ447),UBS (Lux) Equity SICAV - All China (USD) (BOP568),UBS Fund Management (Luxembourg) S.A.,9/17/2019,Offering Documents,No,0;0;0;0;0;0;0;0;0;11;0;0;0,AQQ447,BOP568,UBS (Lux) Equity SICAV - All China (USD),UBS (Lux) Equity SICAV,5%,5%,0,0,0,0,1.72%,2019
UBS (Lux) Equity SICAV (AQQ447),UBS (Lux) Equity SICAV - Global Opportunity Sustainable (USD) (BRX809),UBS Fund Management (Luxembourg) S.A.,2/16/2022,Offering Documents,No,0;0;0;0;0;0;0;0;0;11;0;0;0,AQQ447,BRX809,UBS (Lux) Equity SICAV - Global Opportunity Sustainable (USD),UBS (Lux) Equity SICAV,5%,0,0,1.80%,0,0,0,2022
UBS (Lux) Equity SICAV (AQQ447),UBS (Lux) Equity SICAV ?Long Term Themes (USD) (BOT228),UBS Fund Management (Luxembourg) S.A.,11/5/2019,Offering Documents,No,0;0;0;0;0;0;0;0;0;11;0;0;0,AQQ447,BOT228,UBS (Lux) Equity SICAV ?Long Term Themes (USD),UBS (Lux) Equity SICAV,5%,5%,0,0,0,0,1.44%,2019
UBS (Lux) Strategy Fund (BRX761),UBS (Lux) Strategy Fund - Balanced Sustainable (USD) (BRX762),UBS Fund Management (Luxembourg) S.A.,3/23/2022,Offering Documents,No,0;0;0;0;0;0;0;0;0;11;0;0;0,BRX761,BRX762,UBS (Lux) Strategy Fund - Balanced Sustainable (USD),UBS (Lux) Strategy Fund,4%,4%,0,0,0,0,1.30%,2022
UBS (Lux) Strategy Fund (BRX761),UBS (Lux) Strategy Fund - Fixed Income Sustainable (USD) (BRX763),UBS Fund Management (Luxembourg) S.A.,3/23/2022,Offering Documents,No,0;0;0;0;0;0;0;0;0;11;0;0;0,BRX761,BRX763,UBS (Lux) Strategy Fund - Fixed Income Sustainable (USD),UBS (Lux) Strategy Fund,3%,3%,0,0,0,0,0.86%,2022
UBS (Lux) Strategy Fund (BRX761),UBS (Lux) Strategy Fund - Growth Sustainable (USD) (BRX764),UBS Fund Management (Luxembourg) S.A.,3/23/2022,Offering Documents,No,0;0;0;0;0;0;0;0;0;11;0;0;0,BRX761,BRX764,UBS (Lux) Strategy Fund - Growth Sustainable (USD),UBS (Lux) Strategy Fund,4%,4%,0,0,0,0,1.44%,2022
UBS (Lux) Strategy Fund (BRX761),UBS (Lux) Strategy Fund ?Yield Sustainable (USD) (BRX765),UBS Fund Management (Luxembourg) S.A.,3/23/2022,Offering Documents,No,0;0;0;0;0;0;0;0;0;11;0;0;0,BRX761,BRX765,UBS (Lux) Strategy Fund ?Yield Sustainable (USD),UBS (Lux) Strategy Fund,4%,4%,0,0,0,0,1.15%,2022
UBS (Lux) Strategy SICAV (BSW919),UBS (Lux) Strategy SICAV - Income Sustainable (USD) (BSW920),UBS Fund Management (Luxembourg) S.A.,10/25/2022,Offering Documents,No,0;0;0;0;0;0;0;0;0;11;0;0;0,BSW919,BSW920,UBS (Lux) Strategy SICAV - Income Sustainable (USD),UBS (Lux) Strategy SICAV,4%,4%,0,0,0,0,1.04%,2022
Value Partners Fund Series (BCG586),Value Partners All China Bond Fund (BQV079),Value Partners Hong Kong Limited,6/11/2021,Offering Documents,No,2;0;0;0;0;0;0;0;0;0;0;0;0,BCG586,BQV079,Value Partners All China Bond Fund,Value Partners Fund Series,5%,1%,0,1.25%,0.14%,0,0,2021
Value Partners Fund Series (BCG586),Value Partners Asian Fixed Maturity Bond Fund 2022 (BOU091),Value Partners Hong Kong Limited,10/31/2019,Offering Documents,No,0;0;0;0;0;0;0;0;0;0;0;0;0,BCG586,BOU091,Value Partners Asian Fixed Maturity Bond Fund 2022,Value Partners Fund Series,5%,0,0,0.80%,0.05%,0,0,2019
Value Partners Ireland Fund ICAV (BPR817),Value Partners China A Shares Consumption Fund (BQW755),Carne Global Fund Managers (Ireland) Limited,7/12/2021,Offering Documents,No,0;0;0;0;0;0;0;0;0;11;0;0;0,BPR817,BQW755,Value Partners China A Shares Consumption Fund,Value Partners Ireland Fund ICAV,5%,0,0,0.05%,0,0,0.08%,2021
Value Partners Ireland Fund ICAV (BPR817),Value Partners Health Care Fund (BPR818),Carne Global Fund Managers (Ireland) Limited,10/20/2020,Offering Documents,No,2;0;0;0;0;0;0;0;0;11;0;0;0,BPR817,BPR818,Value Partners Health Care Fund,Value Partners Ireland Fund ICAV,5%,0,0,0.05%,0,0,0.08%,2020
Wellington Management Funds (Luxembourg) III SICAV (BSE503),Wellington Credit Income Fund (BSE506),Wellington Luxembourg S.a.r.l.,5/30/2022,Offering Documents,No,0;0;0;0;0;0;0;0;0;11;0;0;0,BSE503,BSE506,Wellington Credit Income Fund,Wellington Management Funds (Luxembourg) III SICAV,0,1%,0,1.15%,0,0,0,2022
Wellington Management Funds (Luxembourg) III SICAV (BSE503),Wellington Global Property Income Fund (BSE505),Wellington Luxembourg S.a.r.l.,5/30/2022,Offering Documents,No,0;0;0;0;0;0;0;0;0;11;0;0;0,BSE503,BSE505,Wellington Global Property Income Fund,Wellington Management Funds (Luxembourg) III SICAV,0,1%,0,1.50%,0,0,0,2022
Wellington Management Funds (Luxembourg) III SICAV (BSE503),Wellington Multi-Asset High Income Fund (BSE507),Wellington Luxembourg S.a.r.l.,5/30/2022,Offering Documents,No,0;0;0;0;0;0;0;0;0;11;0;0;0,BSE503,BSE507,Wellington Multi-Asset High Income Fund,Wellington Management Funds (Luxembourg) III SICAV,0,1%,0,0,0,0,0,2022
Wellington Management Funds (Luxembourg) III SICAV (BSE503),Wellington US Quality Growth Fund (BSE504),Wellington Luxembourg S.a.r.l.,5/30/2022,Offering Documents,No,0;0;0;0;0;0;0;0;0;11;0;0;0,BSE503,BSE504,Wellington US Quality Growth Fund,Wellington Management Funds (Luxembourg) III SICAV,0,1%,0,1.65%,0,0,0,2022
Zurich Invest ICAV (BRY373),Zurich Blue Adventurous Fund (BRY374),Carne Global Fund Managers (Ireland) Limited,6/7/2022,Offering Documents,No,0;0;0;0;0;0;0;0;0;11;0;0;0,BRY373,BRY374,Zurich Blue Adventurous Fund,Zurich Invest ICAV,5%,0,0,2%,0,0,2%,2022
Zurich Invest ICAV (BRY373),Zurich Blue Balanced Fund (BRY375),Carne Global Fund Managers (Ireland) Limited,6/7/2022,Offering Documents,No,0;0;0;0;0;0;0;0;0;11;0;0;0,BRY373,BRY375,Zurich Blue Balanced Fund,Zurich Invest ICAV,5%,0,0,2%,0,0,2%,2022
Zurich Invest ICAV (BRY373),Zurich Blue Cautious Fund (BRY376),Carne Global Fund Managers (Ireland) Limited,6/7/2022,Offering Documents,No,0;0;0;0;0;0;0;0;0;11;0;0;0,BRY373,BRY376,Zurich Blue Cautious Fund,Zurich Invest ICAV,5%,0,0,2%,0,0,2%,2022
Zurich Invest ICAV (BRY373),Zurich Blue Performance Fund (BRY377),Carne Global Fund Managers (Ireland) Limited,6/7/2022,Offering Documents,No,0;0;0;0;0;0;0;0;0;11;0;0;0,BRY373,BRY377,Zurich Blue Performance Fund,Zurich Invest ICAV,5%,0,0,2%,0,2%,2%,2022
